productId,name,cleanName,imageUrl,categoryId,groupId,url,modifiedOn,imageCount,extCardText,lowPrice,midPrice,highPrice,marketPrice,directLowPrice,subTypeName,extUPC,extNumber,extRarity
610929,Journey Together Pokemon Center Elite Trainer Box (Exclusive),Journey Together Pokemon Center Elite Trainer Box Exclusive,https://tcgplayer-cdn.tcgplayer.com/product/610929_200w.jpg,3,24073,https://cpt.tcgcsv.com/CnV6,2025-01-14T20:22:44.86,1,"•11 Pokémon TCG: Scarlet & Violet—Journey Together booster packs
<br>• Each booster pack contains 10 cards and 1 Basic Energy. Cards vary by pack.

<br>• 1 full-art foil promo card featuring N’s Zorua with a Pokémon Center logo

<br>• 1 full-art foil promo card featuring N’s Zorua

<br>• 65 card sleeves

<br>• 45 Pokémon TCG Energy cards

<br>• A player’s guide to the Scarlet & Violet—Journey Together expansion

<br>• 6 damage-counter dice

<br>• 1 competition-legal coin-flip die

<br>• 2 plastic condition markers

<br>• A box to hold everything, with 4 dividers to keep it organized

<br>• A code card for Pokémon Trading Card Game Live",390.0,390.0,390.0,347.56,,Normal,,,
610930,Journey Together Elite Trainer Box,Journey Together Elite Trainer Box,https://tcgplayer-cdn.tcgplayer.com/product/610930_200w.jpg,3,24073,https://cpt.tcgcsv.com/DnV6,2025-01-14T20:24:47.587,1,"•9 Pokémon TCG: Scarlet & Violet—Journey Together booster packs
<br>• Each booster pack contains 10 cards and 1 Basic Energy. Cards vary by pack.

<br>• 1 full-art foil promo card featuring N’s Zorua

<br>• 65 card sleeves

<br>• 45 Pokémon TCG Energy cards

<br>• A player’s guide to the Scarlet & Violet—Journey Together expansion

<br>• 6 damage-counter dice

<br>• 1 competition-legal coin-flip die

<br>• 2 plastic condition markers

<br>• A box to hold everything, with 4 dividers to keep it organized

<br>• A code card for Pokémon Trading Card Game Live",108.0,120.0,144.94,118.63,,Normal,,,
610931,Journey Together Booster Box,Journey Together Booster Box,https://tcgplayer-cdn.tcgplayer.com/product/610931_200w.jpg,3,24073,https://cpt.tcgcsv.com/FnV6,2025-03-13T17:19:44.98,1,"Set description:

Trainer’s Pokémon Break into Battle!
<br>With deep trust and steady guidance, Trainers help bring out the best in their Pokémon. The bond they share empowers them to act as one in battle as they push their strength to the limit, including as Pokémon ex! Team up with N’s Zoroark ex, Iono’s Bellibolt ex, Lillie’s Clefairy ex, Hop’s Zacian ex, and more Trainer's Pokémon, and discover the unstoppable power of friendship in the Pokémon TCG: Scarlet & Violet—Journey Together expansion!


<br><br>Each Journey Together booster box contains 36 Scarlet & Violet booster packs.",245.0,278.98,399.99,253.78,,Normal,,,
610934,Journey Together Sleeved Booster Pack,Journey Together Sleeved Booster Pack,https://tcgplayer-cdn.tcgplayer.com/product/610934_200w.jpg,3,24073,https://cpt.tcgcsv.com/JnV6,2025-03-25T19:41:54.08,1,Each Journey Together Sleeved Booster Pack contains 10 random cards.,12.64,16.54,17.09,10.38,,Normal,196214108264,,
610935,Journey Together Booster Pack,Journey Together Booster Pack,https://tcgplayer-cdn.tcgplayer.com/product/610935_200w.jpg,3,24073,https://cpt.tcgcsv.com/KnV6,2025-01-14T20:37:41.053,1,Each Journey Together Booster Pack contains 10 random cards.,7.69,11.98,19.99,9.33,,Normal,,,
610940,Journey Together 3 Pack Blister [Yanmega],Journey Together 3 Pack Blister Yanmega,https://tcgplayer-cdn.tcgplayer.com/product/610940_200w.jpg,3,24073,https://cpt.tcgcsv.com/QnV6,2025-01-14T20:41:18.427,1,Each blister comes with 3 Journey Together booster packs and a promotional card of Yanmega.,42.88,44.98,49.99,40.47,,Normal,,,
610948,Journey Together 3 Pack Blister [Scrafty],Journey Together 3 Pack Blister Scrafty,https://tcgplayer-cdn.tcgplayer.com/product/610948_200w.jpg,3,24073,https://cpt.tcgcsv.com/-nV6,2025-01-14T21:00:13.143,1,Each blister comes with 3 Journey Together booster packs and a promotional card of Yanmega.,42.88,44.99,45.0,40.67,,Normal,,,
610949,Journey Together Single Pack Blister [Scraggy],Journey Together Single Pack Blister Scraggy,https://tcgplayer-cdn.tcgplayer.com/product/610949_200w.jpg,3,24073,https://cpt.tcgcsv.com/_nV6,2025-01-14T21:20:23.577,1,"Each blister comes with 1 Journey Together booster pack, 1 coin, and a promotional card of Scraggy.",17.95,18.44,19.99,14.27,,Normal,,,
610950,Journey Together Single Pack Blister [Yanma],Journey Together Single Pack Blister Yanma,https://tcgplayer-cdn.tcgplayer.com/product/610950_200w.jpg,3,24073,https://cpt.tcgcsv.com/0pV6,2025-01-14T21:20:50.287,1,"Each blister comes with 1 Journey Together booster pack, 1 coin, and a promotional card of Yanma.",13.56,18.2,19.99,14.15,,Normal,,,
610951,Journey Together Premium Checklane Blister [Rhyperior],Journey Together Premium Checklane Blister Rhyperior,https://tcgplayer-cdn.tcgplayer.com/product/610951_200w.jpg,3,24073,https://cpt.tcgcsv.com/2pV6,2025-01-14T21:25:06.907,1,"Product details: <br>
• 1 Journey Together booster pack<br>
• TCGO Code<br>
• Coin<br>
• 3 cards!",,,,,,,,,
610952,Journey Together Premium Checklane Blister [Klinklang],Journey Together Premium Checklane Blister Klinklang,https://tcgplayer-cdn.tcgplayer.com/product/610952_200w.jpg,3,24073,https://cpt.tcgcsv.com/3pV6,2025-01-14T21:25:34.28,1,"Product details: <br>
• 1 Journey Together booster pack<br>
• TCGO Code<br>
• Coin<br>
• 3 cards!",,,,,,,,,
610953,Journey Together Booster Bundle,Journey Together Booster Bundle,https://tcgplayer-cdn.tcgplayer.com/product/610953_200w.jpg,3,24073,https://cpt.tcgcsv.com/5pV6,2025-01-14T21:30:21.297,1,"Trainer’s Pokémon Break into Battle!
With deep trust and steady guidance, Trainers help bring out the best in their Pokémon. The bond they share empowers them to act as one in battle as they push their strength to the limit, including as Pokémon ex! Team up with N’s Zoroark ex, Iono’s Bellibolt ex, Lillie’s Clefairy ex, Hop’s Zacian ex, and more Trainer's Pokémon, and discover the unstoppable power of friendship in the Pokémon TCG: Scarlet & Violet—Journey Together expansion!
<br>Expand your collection with this Booster Bundle containing six booster packs from Pokémon TCG: Scarlet & Violet—Journey Together!",54.99,70.57,80.49,66.33,,Normal,,,
610954,Journey Together Build & Battle Box,Journey Together Build and Battle Box,https://tcgplayer-cdn.tcgplayer.com/product/610954_200w.jpg,3,24073,https://cpt.tcgcsv.com/6pV6,2025-03-04T15:46:37.343,1,"Trainer’s Pokémon Break into Battle!
<br>With deep trust and steady guidance, Trainers help bring out the best in their Pokémon. The bond they share empowers them to act as one in battle as they push their strength to the limit, including as Pokémon ex! Team up with N’s Zoroark ex, Iono’s Bellibolt ex, Lillie’s Clefairy ex, Hop’s Zacian ex, and more Trainer's Pokémon, and discover the unstoppable power of friendship in the Pokémon TCG: Scarlet & Violet—Journey Together expansion!


<br><br>Contents:
<br>• A 40-card ready-to-play deck, including 1 of 4 unique foil promo cards
<br>• 4 Pokémon TCG: Scarlet & Violet booster packs
<br>• A code card for Pokémon TCG Live",39.95,45.47,59.94,53.36,,Normal,,,
614449,Journey Together Booster Box Case,Journey Together Booster Box Case,https://tcgplayer-cdn.tcgplayer.com/product/614449_200w.jpg,3,24073,https://cpt.tcgcsv.com/_NW6,2025-03-14T20:49:43.577,1,Each sealed booster box case contains 6 booster boxes of 36 booster packs. <em>(Each pack contains 10 random cards)</em>,1500.0,1719.99,2388.88,1420.29,,Normal,,,
614450,Journey Together Elite Trainer Box Case,Journey Together Elite Trainer Box Case,https://tcgplayer-cdn.tcgplayer.com/product/614450_200w.jpg,3,24073,https://cpt.tcgcsv.com/0PW6,2025-03-14T20:50:54.167,1,Each Journey Together Elite Trainer Box Case contains 10 boxes.,1099.95,1299.97,1499.99,937.94,,Normal,,,
623428,Caterpie,Caterpie,https://tcgplayer-cdn.tcgplayer.com/product/623428_200w.jpg,3,24073,https://cpt.tcgcsv.com/Bn_6,2025-03-17T18:08:57.853,0,,0.5,0.5,0.55,,,Reverse Holofoil,,001/159,Common
623428,Caterpie,Caterpie,https://tcgplayer-cdn.tcgplayer.com/product/623428_200w.jpg,3,24073,https://cpt.tcgcsv.com/Bn_6,2025-03-17T18:08:57.853,0,,0.25,0.25,0.27,,,Normal,,001/159,Common
623429,Metapod,Metapod,https://tcgplayer-cdn.tcgplayer.com/product/623429_200w.jpg,3,24073,https://cpt.tcgcsv.com/Cn_6,2025-03-17T18:08:58.233,0,,0.61,0.61,0.61,,,Reverse Holofoil,,002/159,Common
623429,Metapod,Metapod,https://tcgplayer-cdn.tcgplayer.com/product/623429_200w.jpg,3,24073,https://cpt.tcgcsv.com/Cn_6,2025-03-17T18:08:58.233,0,,0.25,0.26,0.27,,,Normal,,002/159,Common
623430,Butterfree,Butterfree,https://tcgplayer-cdn.tcgplayer.com/product/623430_200w.jpg,3,24073,https://cpt.tcgcsv.com/Dn_6,2025-03-17T18:08:58.47,0,,1.0,1.0,1.11,1.0,,Holofoil,,003/159,Holo Rare
623430,Butterfree,Butterfree,https://tcgplayer-cdn.tcgplayer.com/product/623430_200w.jpg,3,24073,https://cpt.tcgcsv.com/Dn_6,2025-03-17T18:08:58.47,0,,2.0,2.0,2.22,,,Reverse Holofoil,,003/159,Holo Rare
623431,Paras,Paras,https://tcgplayer-cdn.tcgplayer.com/product/623431_200w.jpg,3,24073,https://cpt.tcgcsv.com/Fn_6,2025-03-17T18:08:58.627,0,,0.3,0.32,0.33,,,Reverse Holofoil,,004/159,Common
623431,Paras,Paras,https://tcgplayer-cdn.tcgplayer.com/product/623431_200w.jpg,3,24073,https://cpt.tcgcsv.com/Fn_6,2025-03-17T18:08:58.627,0,,0.1,0.1,0.25,,,Normal,,004/159,Common
623432,Parasect,Parasect,https://tcgplayer-cdn.tcgplayer.com/product/623432_200w.jpg,3,24073,https://cpt.tcgcsv.com/Gn_6,2025-03-17T18:08:58.74,0,,0.1,0.18,0.25,,,Normal,,005/159,Common
623432,Parasect,Parasect,https://tcgplayer-cdn.tcgplayer.com/product/623432_200w.jpg,3,24073,https://cpt.tcgcsv.com/Gn_6,2025-03-17T18:08:58.74,0,,0.5,0.53,0.55,,,Reverse Holofoil,,005/159,Common
623433,Petilil,Petilil,https://tcgplayer-cdn.tcgplayer.com/product/623433_200w.jpg,3,24073,https://cpt.tcgcsv.com/Hn_6,2025-03-17T18:08:58.837,0,,0.61,0.61,0.61,,,Reverse Holofoil,,006/159,Common
623433,Petilil,Petilil,https://tcgplayer-cdn.tcgplayer.com/product/623433_200w.jpg,3,24073,https://cpt.tcgcsv.com/Hn_6,2025-03-17T18:08:58.837,0,,0.1,0.2,0.25,0.15,,Normal,,006/159,Common
623434,Lilligant,Lilligant,https://tcgplayer-cdn.tcgplayer.com/product/623434_200w.jpg,3,24073,https://cpt.tcgcsv.com/Jn_6,2025-03-17T18:08:58.977,0,,0.2,0.25,0.25,0.2,,Normal,,007/159,Common
623434,Lilligant,Lilligant,https://tcgplayer-cdn.tcgplayer.com/product/623434_200w.jpg,3,24073,https://cpt.tcgcsv.com/Jn_6,2025-03-17T18:08:58.977,0,,0.61,0.61,0.61,0.55,,Reverse Holofoil,,007/159,Common
623435,Maractus - 008/159,Maractus 008 159,https://tcgplayer-cdn.tcgplayer.com/product/623435_200w.jpg,3,24073,https://cpt.tcgcsv.com/Kn_6,2025-03-17T18:08:59.323,0,,0.15,0.2,1.0,0.2,,Normal,,008/159,Uncommon
623435,Maractus - 008/159,Maractus 008 159,https://tcgplayer-cdn.tcgplayer.com/product/623435_200w.jpg,3,24073,https://cpt.tcgcsv.com/Kn_6,2025-03-17T18:08:59.323,0,,0.5,0.53,0.55,,,Reverse Holofoil,,008/159,Uncommon
623436,Karrablast,Karrablast,https://tcgplayer-cdn.tcgplayer.com/product/623436_200w.jpg,3,24073,https://cpt.tcgcsv.com/Ln_6,2025-03-17T18:08:59.447,0,,0.1,0.18,0.25,0.1,,Normal,,009/159,Common
623436,Karrablast,Karrablast,https://tcgplayer-cdn.tcgplayer.com/product/623436_200w.jpg,3,24073,https://cpt.tcgcsv.com/Ln_6,2025-03-17T18:08:59.447,0,,0.5,0.5,0.55,0.5,,Reverse Holofoil,,009/159,Common
623437,Foongus,Foongus,https://tcgplayer-cdn.tcgplayer.com/product/623437_200w.jpg,3,24073,https://cpt.tcgcsv.com/Mn_6,2025-03-17T18:08:59.58,0,,0.61,0.61,0.61,,,Reverse Holofoil,,010/159,Common
623437,Foongus,Foongus,https://tcgplayer-cdn.tcgplayer.com/product/623437_200w.jpg,3,24073,https://cpt.tcgcsv.com/Mn_6,2025-03-17T18:08:59.58,0,,0.25,0.25,0.27,,,Normal,,010/159,Common
623438,Amoonguss ex,Amoonguss ex,https://tcgplayer-cdn.tcgplayer.com/product/623438_200w.jpg,3,24073,https://cpt.tcgcsv.com/Nn_6,2025-03-17T18:08:59.703,0,,1.75,1.99,6.2,,,Holofoil,,011/159,Double Rare
623439,Shelmet,Shelmet,https://tcgplayer-cdn.tcgplayer.com/product/623439_200w.jpg,3,24073,https://cpt.tcgcsv.com/Pn_6,2025-03-17T18:08:59.81,0,,0.3,0.32,0.33,,,Reverse Holofoil,,012/159,Common
623439,Shelmet,Shelmet,https://tcgplayer-cdn.tcgplayer.com/product/623439_200w.jpg,3,24073,https://cpt.tcgcsv.com/Pn_6,2025-03-17T18:08:59.81,0,,0.1,0.2,0.25,0.2,,Normal,,012/159,Common
623440,Accelgor,Accelgor,https://tcgplayer-cdn.tcgplayer.com/product/623440_200w.jpg,3,24073,https://cpt.tcgcsv.com/Qn_6,2025-03-17T18:08:59.937,0,,0.15,0.24,0.25,0.22,,Normal,,013/159,Uncommon
623440,Accelgor,Accelgor,https://tcgplayer-cdn.tcgplayer.com/product/623440_200w.jpg,3,24073,https://cpt.tcgcsv.com/Qn_6,2025-03-17T18:08:59.937,0,,0.3,0.3,0.5,,,Reverse Holofoil,,013/159,Uncommon
623441,Durant,Durant,https://tcgplayer-cdn.tcgplayer.com/product/623441_200w.jpg,3,24073,https://cpt.tcgcsv.com/Rn_6,2025-03-17T18:09:00.06,0,,0.1,0.18,0.25,,,Normal,,014/159,Common
623441,Durant,Durant,https://tcgplayer-cdn.tcgplayer.com/product/623441_200w.jpg,3,24073,https://cpt.tcgcsv.com/Rn_6,2025-03-17T18:09:00.06,0,,0.5,0.5,0.55,,,Reverse Holofoil,,014/159,Common
623442,Virizion,Virizion,https://tcgplayer-cdn.tcgplayer.com/product/623442_200w.jpg,3,24073,https://cpt.tcgcsv.com/Sn_6,2025-03-17T18:09:00.217,0,,0.5,0.53,0.55,,,Reverse Holofoil,,015/159,Uncommon
623442,Virizion,Virizion,https://tcgplayer-cdn.tcgplayer.com/product/623442_200w.jpg,3,24073,https://cpt.tcgcsv.com/Sn_6,2025-03-17T18:09:00.217,0,,0.15,0.15,0.5,0.15,,Normal,,015/159,Uncommon
623443,Sprigatito,Sprigatito,https://tcgplayer-cdn.tcgplayer.com/product/623443_200w.jpg,3,24073,https://cpt.tcgcsv.com/Tn_6,2025-03-17T18:09:00.363,0,,0.12,0.19,0.25,0.15,,Normal,,016/159,Common
623443,Sprigatito,Sprigatito,https://tcgplayer-cdn.tcgplayer.com/product/623443_200w.jpg,3,24073,https://cpt.tcgcsv.com/Tn_6,2025-03-17T18:09:00.363,0,,1.55,1.55,1.55,0.3,,Reverse Holofoil,,016/159,Common
623444,Floragato,Floragato,https://tcgplayer-cdn.tcgplayer.com/product/623444_200w.jpg,3,24073,https://cpt.tcgcsv.com/Vn_6,2025-03-17T18:09:00.497,0,,0.61,0.61,0.61,,,Reverse Holofoil,,017/159,Common
623444,Floragato,Floragato,https://tcgplayer-cdn.tcgplayer.com/product/623444_200w.jpg,3,24073,https://cpt.tcgcsv.com/Vn_6,2025-03-17T18:09:00.497,0,,0.27,0.27,0.27,0.25,,Normal,,017/159,Common
623445,Meowscarada,Meowscarada,https://tcgplayer-cdn.tcgplayer.com/product/623445_200w.jpg,3,24073,https://cpt.tcgcsv.com/Wn_6,2025-03-17T18:09:00.633,0,,1.0,1.0,1.11,1.0,,Holofoil,,018/159,Holo Rare
623445,Meowscarada,Meowscarada,https://tcgplayer-cdn.tcgplayer.com/product/623445_200w.jpg,3,24073,https://cpt.tcgcsv.com/Wn_6,2025-03-17T18:09:00.633,0,,2.0,2.11,2.22,2.0,,Reverse Holofoil,,018/159,Holo Rare
623446,Nymble,Nymble,https://tcgplayer-cdn.tcgplayer.com/product/623446_200w.jpg,3,24073,https://cpt.tcgcsv.com/Xn_6,2025-03-17T18:09:00.78,0,,0.3,0.3,0.33,,,Reverse Holofoil,,019/159,Common
623446,Nymble,Nymble,https://tcgplayer-cdn.tcgplayer.com/product/623446_200w.jpg,3,24073,https://cpt.tcgcsv.com/Xn_6,2025-03-17T18:09:00.78,0,,0.1,0.1,0.25,,,Normal,,019/159,Common
623447,Magmar,Magmar,https://tcgplayer-cdn.tcgplayer.com/product/623447_200w.jpg,3,24073,https://cpt.tcgcsv.com/Zn_6,2025-03-17T18:09:00.99,0,,0.5,0.53,0.55,,,Reverse Holofoil,,020/159,Common
623447,Magmar,Magmar,https://tcgplayer-cdn.tcgplayer.com/product/623447_200w.jpg,3,24073,https://cpt.tcgcsv.com/Zn_6,2025-03-17T18:09:00.99,0,,0.1,0.1,0.25,,,Normal,,020/159,Common
623448,Magmortar,Magmortar,https://tcgplayer-cdn.tcgplayer.com/product/623448_200w.jpg,3,24073,https://cpt.tcgcsv.com/-n_6,2025-03-17T18:09:01.293,0,,0.61,0.61,0.61,,,Reverse Holofoil,,021/159,Holo Rare
623448,Magmortar,Magmortar,https://tcgplayer-cdn.tcgplayer.com/product/623448_200w.jpg,3,24073,https://cpt.tcgcsv.com/-n_6,2025-03-17T18:09:01.293,0,,1.0,1.0,2.0,1.04,,Holofoil,,021/159,Holo Rare
623449,Torchic,Torchic,https://tcgplayer-cdn.tcgplayer.com/product/623449_200w.jpg,3,24073,https://cpt.tcgcsv.com/_n_6,2025-03-17T18:09:01.42,0,,0.3,0.32,0.34,0.33,,Reverse Holofoil,,022/159,Common
623449,Torchic,Torchic,https://tcgplayer-cdn.tcgplayer.com/product/623449_200w.jpg,3,24073,https://cpt.tcgcsv.com/_n_6,2025-03-17T18:09:01.42,0,,0.1,0.18,0.25,0.1,,Normal,,022/159,Common
623450,Combusken,Combusken,https://tcgplayer-cdn.tcgplayer.com/product/623450_200w.jpg,3,24073,https://cpt.tcgcsv.com/0p_6,2025-03-17T18:09:01.737,0,,0.5,0.58,0.75,0.55,,Reverse Holofoil,,023/159,Uncommon
623450,Combusken,Combusken,https://tcgplayer-cdn.tcgplayer.com/product/623450_200w.jpg,3,24073,https://cpt.tcgcsv.com/0p_6,2025-03-17T18:09:01.737,0,,0.15,0.15,0.25,0.15,,Normal,,023/159,Uncommon
623451,Blaziken ex,Blaziken ex,https://tcgplayer-cdn.tcgplayer.com/product/623451_200w.jpg,3,24073,https://cpt.tcgcsv.com/2p_6,2025-03-17T18:09:01.873,0,,1.97,3.95,6.06,3.95,,Holofoil,,024/159,Double Rare
623452,Torkoal,Torkoal,https://tcgplayer-cdn.tcgplayer.com/product/623452_200w.jpg,3,24073,https://cpt.tcgcsv.com/3p_6,2025-03-17T18:09:01.993,0,,0.5,0.5,0.55,,,Reverse Holofoil,,025/159,Common
623452,Torkoal,Torkoal,https://tcgplayer-cdn.tcgplayer.com/product/623452_200w.jpg,3,24073,https://cpt.tcgcsv.com/3p_6,2025-03-17T18:09:01.993,0,,0.3,0.3,0.33,,,Normal,,025/159,Common
623453,N's Darumaka,Ns Darumaka,https://tcgplayer-cdn.tcgplayer.com/product/623453_200w.jpg,3,24073,https://cpt.tcgcsv.com/5p_6,2025-03-17T18:09:02.15,0,,0.75,0.85,0.86,0.81,,Normal,,026/159,Common
623453,N's Darumaka,Ns Darumaka,https://tcgplayer-cdn.tcgplayer.com/product/623453_200w.jpg,3,24073,https://cpt.tcgcsv.com/5p_6,2025-03-17T18:09:02.15,0,,2.0,2.04,2.08,1.8,,Reverse Holofoil,,026/159,Common
623454,N's Darmanitan - 027/159,Ns Darmanitan 027 159,https://tcgplayer-cdn.tcgplayer.com/product/623454_200w.jpg,3,24073,https://cpt.tcgcsv.com/6p_6,2025-03-17T18:09:02.373,0,,0.44,0.47,0.49,0.46,,Normal,,027/159,Uncommon
623454,N's Darmanitan - 027/159,Ns Darmanitan 027 159,https://tcgplayer-cdn.tcgplayer.com/product/623454_200w.jpg,3,24073,https://cpt.tcgcsv.com/6p_6,2025-03-17T18:09:02.373,0,,3.0,3.0,3.0,2.67,,Reverse Holofoil,,027/159,Uncommon
623455,Larvesta,Larvesta,https://tcgplayer-cdn.tcgplayer.com/product/623455_200w.jpg,3,24073,https://cpt.tcgcsv.com/7p_6,2025-03-17T18:09:02.523,0,,0.2,0.2,0.25,,,Reverse Holofoil,,028/159,Common
623455,Larvesta,Larvesta,https://tcgplayer-cdn.tcgplayer.com/product/623455_200w.jpg,3,24073,https://cpt.tcgcsv.com/7p_6,2025-03-17T18:09:02.523,0,,0.25,0.25,0.27,,,Normal,,028/159,Common
623456,Volcarona,Volcarona,https://tcgplayer-cdn.tcgplayer.com/product/623456_200w.jpg,3,24073,https://cpt.tcgcsv.com/8p_6,2025-03-17T18:09:02.677,0,,0.75,0.75,0.83,0.75,,Reverse Holofoil,,029/159,Uncommon
623456,Volcarona,Volcarona,https://tcgplayer-cdn.tcgplayer.com/product/623456_200w.jpg,3,24073,https://cpt.tcgcsv.com/8p_6,2025-03-17T18:09:02.677,0,,0.3,0.3,0.33,0.3,,Normal,,029/159,Uncommon
623457,Reshiram ex,Reshiram ex,https://tcgplayer-cdn.tcgplayer.com/product/623457_200w.jpg,3,24073,https://cpt.tcgcsv.com/9p_6,2025-03-17T18:09:02.843,0,,1.95,2.17,4.9,1.97,,Holofoil,,030/159,Double Rare
623458,Volcanion ex - 031/159,Volcanion ex 031 159,https://tcgplayer-cdn.tcgplayer.com/product/623458_200w.jpg,3,24073,https://cpt.tcgcsv.com/bp_6,2025-03-17T18:09:03.047,0,,4.21,5.0,7.0,4.98,,Holofoil,,031/159,Double Rare
623459,Articuno - 032/159,Articuno 032 159,https://tcgplayer-cdn.tcgplayer.com/product/623459_200w.jpg,3,24073,https://cpt.tcgcsv.com/cp_6,2025-03-17T18:09:03.293,0,,0.3,0.32,0.33,,,Reverse Holofoil,,032/159,Uncommon
623459,Articuno - 032/159,Articuno 032 159,https://tcgplayer-cdn.tcgplayer.com/product/623459_200w.jpg,3,24073,https://cpt.tcgcsv.com/cp_6,2025-03-17T18:09:03.293,0,,0.15,0.25,0.25,0.15,,Normal,,032/159,Uncommon
623460,Remoraid,Remoraid,https://tcgplayer-cdn.tcgplayer.com/product/623460_200w.jpg,3,24073,https://cpt.tcgcsv.com/dp_6,2025-03-17T18:09:03.56,0,,0.5,0.5,0.55,,,Reverse Holofoil,,033/159,Common
623460,Remoraid,Remoraid,https://tcgplayer-cdn.tcgplayer.com/product/623460_200w.jpg,3,24073,https://cpt.tcgcsv.com/dp_6,2025-03-17T18:09:03.56,0,,0.1,0.1,0.25,,,Normal,,033/159,Common
623461,Octillery,Octillery,https://tcgplayer-cdn.tcgplayer.com/product/623461_200w.jpg,3,24073,https://cpt.tcgcsv.com/fp_6,2025-03-17T18:09:03.763,0,,0.5,0.5,0.55,,,Normal,,034/159,Uncommon
623461,Octillery,Octillery,https://tcgplayer-cdn.tcgplayer.com/product/623461_200w.jpg,3,24073,https://cpt.tcgcsv.com/fp_6,2025-03-17T18:09:03.763,0,,0.75,0.79,0.83,,,Reverse Holofoil,,034/159,Uncommon
623462,Lotad,Lotad,https://tcgplayer-cdn.tcgplayer.com/product/623462_200w.jpg,3,24073,https://cpt.tcgcsv.com/gp_6,2025-03-17T18:09:04.09,0,,0.75,0.75,0.83,,,Reverse Holofoil,,035/159,Common
623462,Lotad,Lotad,https://tcgplayer-cdn.tcgplayer.com/product/623462_200w.jpg,3,24073,https://cpt.tcgcsv.com/gp_6,2025-03-17T18:09:04.09,0,,0.25,0.25,0.27,0.25,,Normal,,035/159,Common
623463,Lombre,Lombre,https://tcgplayer-cdn.tcgplayer.com/product/623463_200w.jpg,3,24073,https://cpt.tcgcsv.com/hp_6,2025-03-17T18:09:04.26,0,,0.1,0.18,0.25,0.1,,Normal,,036/159,Common
623463,Lombre,Lombre,https://tcgplayer-cdn.tcgplayer.com/product/623463_200w.jpg,3,24073,https://cpt.tcgcsv.com/hp_6,2025-03-17T18:09:04.26,0,,0.2,0.2,0.5,,,Reverse Holofoil,,036/159,Common
623464,Ludicolo,Ludicolo,https://tcgplayer-cdn.tcgplayer.com/product/623464_200w.jpg,3,24073,https://cpt.tcgcsv.com/jp_6,2025-03-17T18:09:04.48,0,,2.0,2.11,2.22,,,Reverse Holofoil,,037/159,Holo Rare
623464,Ludicolo,Ludicolo,https://tcgplayer-cdn.tcgplayer.com/product/623464_200w.jpg,3,24073,https://cpt.tcgcsv.com/jp_6,2025-03-17T18:09:04.48,0,,1.0,1.0,1.11,1.0,,Holofoil,,037/159,Holo Rare
623465,Wingull,Wingull,https://tcgplayer-cdn.tcgplayer.com/product/623465_200w.jpg,3,24073,https://cpt.tcgcsv.com/kp_6,2025-03-17T18:09:04.733,0,,0.1,0.1,0.25,,,Normal,,038/159,Common
623465,Wingull,Wingull,https://tcgplayer-cdn.tcgplayer.com/product/623465_200w.jpg,3,24073,https://cpt.tcgcsv.com/kp_6,2025-03-17T18:09:04.733,0,,0.3,0.3,0.33,,,Reverse Holofoil,,038/159,Common
623466,Pelipper,Pelipper,https://tcgplayer-cdn.tcgplayer.com/product/623466_200w.jpg,3,24073,https://cpt.tcgcsv.com/lp_6,2025-03-17T18:09:05.303,0,,0.5,0.53,0.55,,,Reverse Holofoil,,039/159,Uncommon
623466,Pelipper,Pelipper,https://tcgplayer-cdn.tcgplayer.com/product/623466_200w.jpg,3,24073,https://cpt.tcgcsv.com/lp_6,2025-03-17T18:09:05.303,0,,0.15,0.15,0.5,,,Normal,,039/159,Uncommon
623467,Wailmer,Wailmer,https://tcgplayer-cdn.tcgplayer.com/product/623467_200w.jpg,3,24073,https://cpt.tcgcsv.com/mp_6,2025-03-17T18:09:05.537,0,,0.25,0.25,0.25,0.23,,Reverse Holofoil,,040/159,Common
623467,Wailmer,Wailmer,https://tcgplayer-cdn.tcgplayer.com/product/623467_200w.jpg,3,24073,https://cpt.tcgcsv.com/mp_6,2025-03-17T18:09:05.537,0,,0.25,0.25,0.25,0.16,,Normal,,040/159,Common
623468,Wailord - 041/159,Wailord 041 159,https://tcgplayer-cdn.tcgplayer.com/product/623468_200w.jpg,3,24073,https://cpt.tcgcsv.com/np_6,2025-03-17T18:09:05.727,0,,1.57,1.64,1.68,1.21,,Holofoil,,041/159,Holo Rare
623468,Wailord - 041/159,Wailord 041 159,https://tcgplayer-cdn.tcgplayer.com/product/623468_200w.jpg,3,24073,https://cpt.tcgcsv.com/np_6,2025-03-17T18:09:05.727,0,,1.69,1.69,1.69,1.5,,Reverse Holofoil,,041/159,Holo Rare
623469,Regice,Regice,https://tcgplayer-cdn.tcgplayer.com/product/623469_200w.jpg,3,24073,https://cpt.tcgcsv.com/pp_6,2025-03-17T18:09:05.86,0,,0.5,0.53,0.55,,,Reverse Holofoil,,042/159,Uncommon
623469,Regice,Regice,https://tcgplayer-cdn.tcgplayer.com/product/623469_200w.jpg,3,24073,https://cpt.tcgcsv.com/pp_6,2025-03-17T18:09:05.86,0,,0.15,0.15,0.5,,,Normal,,042/159,Uncommon
623470,Veluza ex,Veluza ex,https://tcgplayer-cdn.tcgplayer.com/product/623470_200w.jpg,3,24073,https://cpt.tcgcsv.com/qp_6,2025-03-17T18:09:06.093,0,,1.8,1.99,4.01,,,Holofoil,,043/159,Double Rare
623471,Alolan Geodude,Alolan Geodude,https://tcgplayer-cdn.tcgplayer.com/product/623471_200w.jpg,3,24073,https://cpt.tcgcsv.com/rp_6,2025-03-17T18:09:06.22,0,,0.5,0.53,0.55,,,Reverse Holofoil,,044/159,Common
623471,Alolan Geodude,Alolan Geodude,https://tcgplayer-cdn.tcgplayer.com/product/623471_200w.jpg,3,24073,https://cpt.tcgcsv.com/rp_6,2025-03-17T18:09:06.22,0,,0.25,0.25,0.27,0.25,,Normal,,044/159,Common
623472,Alolan Graveler,Alolan Graveler,https://tcgplayer-cdn.tcgplayer.com/product/623472_200w.jpg,3,24073,https://cpt.tcgcsv.com/sp_6,2025-03-17T18:09:06.42,0,,0.1,0.1,0.25,0.1,,Normal,,045/159,Common
623472,Alolan Graveler,Alolan Graveler,https://tcgplayer-cdn.tcgplayer.com/product/623472_200w.jpg,3,24073,https://cpt.tcgcsv.com/sp_6,2025-03-17T18:09:06.42,0,,0.5,0.53,0.55,,,Reverse Holofoil,,045/159,Common
623473,Alolan Golem,Alolan Golem,https://tcgplayer-cdn.tcgplayer.com/product/623473_200w.jpg,3,24073,https://cpt.tcgcsv.com/tp_6,2025-03-17T18:09:06.56,0,,0.15,0.15,0.25,0.15,,Normal,,046/159,Uncommon
623473,Alolan Golem,Alolan Golem,https://tcgplayer-cdn.tcgplayer.com/product/623473_200w.jpg,3,24073,https://cpt.tcgcsv.com/tp_6,2025-03-17T18:09:06.56,0,,0.5,0.53,0.55,,,Reverse Holofoil,,046/159,Uncommon
623474,Iono's Voltorb,Ionos Voltorb,https://tcgplayer-cdn.tcgplayer.com/product/623474_200w.jpg,3,24073,https://cpt.tcgcsv.com/vp_6,2025-03-17T18:09:06.73,0,,0.5,0.53,0.55,0.5,,Reverse Holofoil,,047/159,Common
623474,Iono's Voltorb,Ionos Voltorb,https://tcgplayer-cdn.tcgplayer.com/product/623474_200w.jpg,3,24073,https://cpt.tcgcsv.com/vp_6,2025-03-17T18:09:06.73,0,,0.27,0.27,0.27,0.25,,Normal,,047/159,Common
623475,Iono's Electrode,Ionos Electrode,https://tcgplayer-cdn.tcgplayer.com/product/623475_200w.jpg,3,24073,https://cpt.tcgcsv.com/wp_6,2025-03-17T18:09:06.89,0,,0.84,0.84,0.84,0.75,,Reverse Holofoil,,048/159,Uncommon
623475,Iono's Electrode,Ionos Electrode,https://tcgplayer-cdn.tcgplayer.com/product/623475_200w.jpg,3,24073,https://cpt.tcgcsv.com/wp_6,2025-03-17T18:09:06.89,0,,0.5,0.53,0.56,0.52,,Normal,,048/159,Uncommon
623476,N's Joltik,Ns Joltik,https://tcgplayer-cdn.tcgplayer.com/product/623476_200w.jpg,3,24073,https://cpt.tcgcsv.com/xp_6,2025-03-17T18:09:07.153,0,,0.25,0.25,0.28,0.27,,Normal,,049/159,Common
623476,N's Joltik,Ns Joltik,https://tcgplayer-cdn.tcgplayer.com/product/623476_200w.jpg,3,24073,https://cpt.tcgcsv.com/xp_6,2025-03-17T18:09:07.153,0,,1.0,1.0,1.11,,,Reverse Holofoil,,049/159,Common
623477,Togedemaru,Togedemaru,https://tcgplayer-cdn.tcgplayer.com/product/623477_200w.jpg,3,24073,https://cpt.tcgcsv.com/zp_6,2025-03-17T18:09:07.45,0,,0.2,0.2,0.25,,,Reverse Holofoil,,050/159,Common
623477,Togedemaru,Togedemaru,https://tcgplayer-cdn.tcgplayer.com/product/623477_200w.jpg,3,24073,https://cpt.tcgcsv.com/zp_6,2025-03-17T18:09:07.45,0,,0.1,0.1,0.25,,,Normal,,050/159,Common
623478,Tapu Koko ex,Tapu Koko ex,https://tcgplayer-cdn.tcgplayer.com/product/623478_200w.jpg,3,24073,https://cpt.tcgcsv.com/Bp_6,2025-03-17T18:09:07.653,0,,4.99,5.99,8.0,4.72,,Holofoil,,051/159,Double Rare
623479,Iono's Tadbulb,Ionos Tadbulb,https://tcgplayer-cdn.tcgplayer.com/product/623479_200w.jpg,3,24073,https://cpt.tcgcsv.com/Cp_6,2025-03-17T18:09:07.813,0,,0.56,0.56,0.56,0.5,,Reverse Holofoil,,052/159,Common
623479,Iono's Tadbulb,Ionos Tadbulb,https://tcgplayer-cdn.tcgplayer.com/product/623479_200w.jpg,3,24073,https://cpt.tcgcsv.com/Cp_6,2025-03-17T18:09:07.813,0,,0.26,0.26,0.26,0.23,,Normal,,052/159,Common
623480,Iono's Bellibolt ex - 053/159,Ionos Bellibolt ex 053 159,https://tcgplayer-cdn.tcgplayer.com/product/623480_200w.jpg,3,24073,https://cpt.tcgcsv.com/Dp_6,2025-03-17T18:09:08.11,0,,8.0,10.79,12.99,11.24,,Holofoil,,053/159,Double Rare
623481,Iono's Wattrel,Ionos Wattrel,https://tcgplayer-cdn.tcgplayer.com/product/623481_200w.jpg,3,24073,https://cpt.tcgcsv.com/Fp_6,2025-03-17T18:09:08.397,0,,0.14,0.2,0.25,0.18,,Normal,,054/159,Common
623481,Iono's Wattrel,Ionos Wattrel,https://tcgplayer-cdn.tcgplayer.com/product/623481_200w.jpg,3,24073,https://cpt.tcgcsv.com/Fp_6,2025-03-17T18:09:08.397,0,,0.5,0.5,0.55,,,Reverse Holofoil,,054/159,Common
623482,Iono's Kilowattrel - 055/159,Ionos Kilowattrel 055 159,https://tcgplayer-cdn.tcgplayer.com/product/623482_200w.jpg,3,24073,https://cpt.tcgcsv.com/Gp_6,2025-03-17T18:09:08.73,0,,1.49,1.67,1.88,1.84,,Holofoil,,055/159,Holo Rare
623482,Iono's Kilowattrel - 055/159,Ionos Kilowattrel 055 159,https://tcgplayer-cdn.tcgplayer.com/product/623482_200w.jpg,3,24073,https://cpt.tcgcsv.com/Gp_6,2025-03-17T18:09:08.73,0,,4.3,5.0,5.26,,,Reverse Holofoil,,055/159,Holo Rare
623483,Lillie's Clefairy ex - 056/159,Lillies Clefairy ex 056 159,https://tcgplayer-cdn.tcgplayer.com/product/623483_200w.jpg,3,24073,https://cpt.tcgcsv.com/Hp_6,2025-03-17T18:09:09.007,0,,28.31,28.81,30.0,10.49,,Holofoil,,056/159,Double Rare
623484,Alolan Marowak,Alolan Marowak,https://tcgplayer-cdn.tcgplayer.com/product/623484_200w.jpg,3,24073,https://cpt.tcgcsv.com/Jp_6,2025-03-17T18:09:09.28,0,,0.15,0.15,0.25,,,Normal,,057/159,Uncommon
623484,Alolan Marowak,Alolan Marowak,https://tcgplayer-cdn.tcgplayer.com/product/623484_200w.jpg,3,24073,https://cpt.tcgcsv.com/Jp_6,2025-03-17T18:09:09.28,0,,0.61,0.61,0.61,,,Reverse Holofoil,,057/159,Uncommon
623485,Mr. Mime,Mr Mime,https://tcgplayer-cdn.tcgplayer.com/product/623485_200w.jpg,3,24073,https://cpt.tcgcsv.com/Kp_6,2025-03-17T18:09:09.53,0,,0.1,0.18,0.25,,,Normal,,058/159,Common
623485,Mr. Mime,Mr Mime,https://tcgplayer-cdn.tcgplayer.com/product/623485_200w.jpg,3,24073,https://cpt.tcgcsv.com/Kp_6,2025-03-17T18:09:09.53,0,,0.2,0.2,0.25,,,Reverse Holofoil,,058/159,Common
623486,Shuppet,Shuppet,https://tcgplayer-cdn.tcgplayer.com/product/623486_200w.jpg,3,24073,https://cpt.tcgcsv.com/Lp_6,2025-03-17T18:09:09.82,0,,0.2,0.23,0.25,0.23,,Normal,,059/159,Common
623486,Shuppet,Shuppet,https://tcgplayer-cdn.tcgplayer.com/product/623486_200w.jpg,3,24073,https://cpt.tcgcsv.com/Lp_6,2025-03-17T18:09:09.82,0,,0.61,0.61,0.61,,,Reverse Holofoil,,059/159,Common
623487,Banette,Banette,https://tcgplayer-cdn.tcgplayer.com/product/623487_200w.jpg,3,24073,https://cpt.tcgcsv.com/Mp_6,2025-03-17T18:09:10.117,0,,0.33,0.33,0.33,0.3,,Reverse Holofoil,,060/159,Uncommon
623487,Banette,Banette,https://tcgplayer-cdn.tcgplayer.com/product/623487_200w.jpg,3,24073,https://cpt.tcgcsv.com/Mp_6,2025-03-17T18:09:10.117,0,,0.34,0.34,0.34,0.31,,Normal,,060/159,Uncommon
623488,Beldum,Beldum,https://tcgplayer-cdn.tcgplayer.com/product/623488_200w.jpg,3,24073,https://cpt.tcgcsv.com/Np_6,2025-03-17T18:09:10.313,0,,0.1,0.18,0.25,0.1,,Normal,,061/159,Common
623488,Beldum,Beldum,https://tcgplayer-cdn.tcgplayer.com/product/623488_200w.jpg,3,24073,https://cpt.tcgcsv.com/Np_6,2025-03-17T18:09:10.313,0,,0.2,0.2,0.5,,,Reverse Holofoil,,061/159,Common
623489,Metang,Metang,https://tcgplayer-cdn.tcgplayer.com/product/623489_200w.jpg,3,24073,https://cpt.tcgcsv.com/Pp_6,2025-03-17T18:09:10.517,0,,0.1,0.18,0.25,0.1,,Normal,,062/159,Common
623489,Metang,Metang,https://tcgplayer-cdn.tcgplayer.com/product/623489_200w.jpg,3,24073,https://cpt.tcgcsv.com/Pp_6,2025-03-17T18:09:10.517,0,,0.3,0.3,0.33,,,Reverse Holofoil,,062/159,Common
623490,Metagross,Metagross,https://tcgplayer-cdn.tcgplayer.com/product/623490_200w.jpg,3,24073,https://cpt.tcgcsv.com/Qp_6,2025-03-17T18:09:10.893,0,,1.0,1.06,2.0,1.0,,Holofoil,,063/159,Holo Rare
623490,Metagross,Metagross,https://tcgplayer-cdn.tcgplayer.com/product/623490_200w.jpg,3,24073,https://cpt.tcgcsv.com/Qp_6,2025-03-17T18:09:10.893,0,,2.0,2.0,2.22,,,Reverse Holofoil,,063/159,Holo Rare
623491,N's Sigilyph,Ns Sigilyph,https://tcgplayer-cdn.tcgplayer.com/product/623491_200w.jpg,3,24073,https://cpt.tcgcsv.com/Rp_6,2025-03-17T18:09:11.213,0,,4.3,5.0,5.0,,,Reverse Holofoil,,064/159,Common
623491,N's Sigilyph,Ns Sigilyph,https://tcgplayer-cdn.tcgplayer.com/product/623491_200w.jpg,3,24073,https://cpt.tcgcsv.com/Rp_6,2025-03-17T18:09:11.213,0,,1.0,1.0,1.11,,,Normal,,064/159,Common
623492,Oricorio,Oricorio,https://tcgplayer-cdn.tcgplayer.com/product/623492_200w.jpg,3,24073,https://cpt.tcgcsv.com/Sp_6,2025-03-17T18:09:11.423,0,,0.1,0.1,0.25,0.1,,Normal,,065/159,Common
623492,Oricorio,Oricorio,https://tcgplayer-cdn.tcgplayer.com/product/623492_200w.jpg,3,24073,https://cpt.tcgcsv.com/Sp_6,2025-03-17T18:09:11.423,0,,0.2,0.2,0.25,,,Reverse Holofoil,,065/159,Common
623493,Lillie's Cutefly,Lillies Cutefly,https://tcgplayer-cdn.tcgplayer.com/product/623493_200w.jpg,3,24073,https://cpt.tcgcsv.com/Tp_6,2025-03-17T18:09:11.583,0,,0.1,0.25,0.5,0.25,,Normal,,066/159,Common
623493,Lillie's Cutefly,Lillies Cutefly,https://tcgplayer-cdn.tcgplayer.com/product/623493_200w.jpg,3,24073,https://cpt.tcgcsv.com/Tp_6,2025-03-17T18:09:11.583,0,,0.2,0.2,0.3,,,Reverse Holofoil,,066/159,Common
623494,Lillie's Ribombee - 067/159,Lillies Ribombee 067 159,https://tcgplayer-cdn.tcgplayer.com/product/623494_200w.jpg,3,24073,https://cpt.tcgcsv.com/Vp_6,2025-03-17T18:09:11.783,0,,1.49,1.5,1.66,1.5,,Holofoil,,067/159,Holo Rare
623494,Lillie's Ribombee - 067/159,Lillies Ribombee 067 159,https://tcgplayer-cdn.tcgplayer.com/product/623494_200w.jpg,3,24073,https://cpt.tcgcsv.com/Vp_6,2025-03-17T18:09:11.783,0,,2.5,2.64,3.0,,,Reverse Holofoil,,067/159,Holo Rare
623495,Lillie's Comfey,Lillies Comfey,https://tcgplayer-cdn.tcgplayer.com/product/623495_200w.jpg,3,24073,https://cpt.tcgcsv.com/Wp_6,2025-03-17T18:09:12.017,0,,0.5,0.65,1.0,,,Reverse Holofoil,,068/159,Common
623495,Lillie's Comfey,Lillies Comfey,https://tcgplayer-cdn.tcgplayer.com/product/623495_200w.jpg,3,24073,https://cpt.tcgcsv.com/Wp_6,2025-03-17T18:09:12.017,0,,0.15,0.25,0.25,0.1,,Normal,,068/159,Common
623496,Mimikyu ex,Mimikyu ex,https://tcgplayer-cdn.tcgplayer.com/product/623496_200w.jpg,3,24073,https://cpt.tcgcsv.com/Xp_6,2025-03-17T18:09:12.223,0,,2.97,3.94,9.99,3.87,,Holofoil,,069/159,Double Rare
623497,Dhelmise,Dhelmise,https://tcgplayer-cdn.tcgplayer.com/product/623497_200w.jpg,3,24073,https://cpt.tcgcsv.com/Zp_6,2025-03-17T18:09:12.377,0,,0.5,0.5,0.55,,,Reverse Holofoil,,070/159,Common
623497,Dhelmise,Dhelmise,https://tcgplayer-cdn.tcgplayer.com/product/623497_200w.jpg,3,24073,https://cpt.tcgcsv.com/Zp_6,2025-03-17T18:09:12.377,0,,0.2,0.2,0.25,,,Normal,,070/159,Common
623498,Impidimp,Impidimp,https://tcgplayer-cdn.tcgplayer.com/product/623498_200w.jpg,3,24073,https://cpt.tcgcsv.com/-p_6,2025-03-17T18:09:12.577,0,,0.2,0.2,0.5,,,Reverse Holofoil,,071/159,Common
623498,Impidimp,Impidimp,https://tcgplayer-cdn.tcgplayer.com/product/623498_200w.jpg,3,24073,https://cpt.tcgcsv.com/-p_6,2025-03-17T18:09:12.577,0,,0.1,0.2,0.25,0.15,,Normal,,071/159,Common
623499,Morgrem,Morgrem,https://tcgplayer-cdn.tcgplayer.com/product/623499_200w.jpg,3,24073,https://cpt.tcgcsv.com/_p_6,2025-03-17T18:09:12.863,0,,0.1,0.2,0.25,0.15,,Normal,,072/159,Common
623499,Morgrem,Morgrem,https://tcgplayer-cdn.tcgplayer.com/product/623499_200w.jpg,3,24073,https://cpt.tcgcsv.com/_p_6,2025-03-17T18:09:12.863,0,,0.61,0.61,0.61,,,Reverse Holofoil,,072/159,Common
623500,Grimmsnarl,Grimmsnarl,https://tcgplayer-cdn.tcgplayer.com/product/623500_200w.jpg,3,24073,https://cpt.tcgcsv.com/0q_6,2025-03-17T18:09:13.057,0,,0.15,0.22,0.5,0.22,,Normal,,073/159,Uncommon
623500,Grimmsnarl,Grimmsnarl,https://tcgplayer-cdn.tcgplayer.com/product/623500_200w.jpg,3,24073,https://cpt.tcgcsv.com/0q_6,2025-03-17T18:09:13.057,0,,0.61,0.61,0.61,,,Reverse Holofoil,,073/159,Uncommon
623501,Milcery,Milcery,https://tcgplayer-cdn.tcgplayer.com/product/623501_200w.jpg,3,24073,https://cpt.tcgcsv.com/2q_6,2025-03-17T18:09:13.283,0,,0.1,0.25,0.25,0.25,,Normal,,074/159,Common
623501,Milcery,Milcery,https://tcgplayer-cdn.tcgplayer.com/product/623501_200w.jpg,3,24073,https://cpt.tcgcsv.com/2q_6,2025-03-17T18:09:13.283,0,,0.3,0.3,0.34,0.33,,Reverse Holofoil,,074/159,Common
623502,Alcremie ex,Alcremie ex,https://tcgplayer-cdn.tcgplayer.com/product/623502_200w.jpg,3,24073,https://cpt.tcgcsv.com/3q_6,2025-03-17T18:09:13.493,0,,3.69,4.99,5.88,4.86,,Holofoil,,075/159,Double Rare
623503,Cubone,Cubone,https://tcgplayer-cdn.tcgplayer.com/product/623503_200w.jpg,3,24073,https://cpt.tcgcsv.com/5q_6,2025-03-17T18:09:13.823,0,,0.25,0.25,0.27,,,Normal,,076/159,Common
623503,Cubone,Cubone,https://tcgplayer-cdn.tcgplayer.com/product/623503_200w.jpg,3,24073,https://cpt.tcgcsv.com/5q_6,2025-03-17T18:09:13.823,0,,0.5,0.53,0.55,0.5,,Reverse Holofoil,,076/159,Common
623504,Swinub - 077/159,Swinub 077 159,https://tcgplayer-cdn.tcgplayer.com/product/623504_200w.jpg,3,24073,https://cpt.tcgcsv.com/6q_6,2025-03-17T18:09:14.04,0,,0.1,0.18,0.25,0.16,,Normal,,077/159,Common
623504,Swinub - 077/159,Swinub 077 159,https://tcgplayer-cdn.tcgplayer.com/product/623504_200w.jpg,3,24073,https://cpt.tcgcsv.com/6q_6,2025-03-17T18:09:14.04,0,,0.3,0.32,0.34,0.32,,Reverse Holofoil,,077/159,Common
623505,Piloswine,Piloswine,https://tcgplayer-cdn.tcgplayer.com/product/623505_200w.jpg,3,24073,https://cpt.tcgcsv.com/7q_6,2025-03-17T18:09:14.407,0,,0.5,0.54,0.58,0.55,,Reverse Holofoil,,078/159,Common
623505,Piloswine,Piloswine,https://tcgplayer-cdn.tcgplayer.com/product/623505_200w.jpg,3,24073,https://cpt.tcgcsv.com/7q_6,2025-03-17T18:09:14.407,0,,0.27,0.27,0.27,0.25,,Normal,,078/159,Common
623506,Mamoswine ex - 079/159,Mamoswine ex 079 159,https://tcgplayer-cdn.tcgplayer.com/product/623506_200w.jpg,3,24073,https://cpt.tcgcsv.com/8q_6,2025-03-17T18:09:14.747,0,,6.97,10.1,15.0,10.39,,Holofoil,,079/159,Double Rare
623507,Lavatar,Lavatar,https://tcgplayer-cdn.tcgplayer.com/product/623507_200w.jpg,3,24073,https://cpt.tcgcsv.com/9q_6,2025-03-17T18:09:14.897,0,,0.2,0.2,0.25,,,Reverse Holofoil,,080/159,Common
623507,Lavatar,Lavatar,https://tcgplayer-cdn.tcgplayer.com/product/623507_200w.jpg,3,24073,https://cpt.tcgcsv.com/9q_6,2025-03-17T18:09:14.897,0,,0.15,0.25,0.25,0.15,,Normal,,080/159,Common
623508,Pupitar,Pupitar,https://tcgplayer-cdn.tcgplayer.com/product/623508_200w.jpg,3,24073,https://cpt.tcgcsv.com/bq_6,2025-03-17T18:09:15.16,0,,0.21,0.25,0.25,0.21,,Normal,,081/159,Common
623508,Pupitar,Pupitar,https://tcgplayer-cdn.tcgplayer.com/product/623508_200w.jpg,3,24073,https://cpt.tcgcsv.com/bq_6,2025-03-17T18:09:15.16,0,,0.5,0.53,0.55,,,Reverse Holofoil,,081/159,Common
623509,Regirock,Regirock,https://tcgplayer-cdn.tcgplayer.com/product/623509_200w.jpg,3,24073,https://cpt.tcgcsv.com/cq_6,2025-03-17T18:09:15.403,0,,2.0,2.11,2.22,,,Reverse Holofoil,,082/159,Holo Rare
623509,Regirock,Regirock,https://tcgplayer-cdn.tcgplayer.com/product/623509_200w.jpg,3,24073,https://cpt.tcgcsv.com/cq_6,2025-03-17T18:09:15.403,0,,1.0,1.0,1.11,,,Holofoil,,082/159,Holo Rare
623510,Pancham,Pancham,https://tcgplayer-cdn.tcgplayer.com/product/623510_200w.jpg,3,24073,https://cpt.tcgcsv.com/dq_6,2025-03-17T18:09:15.683,0,,0.5,0.5,0.55,,,Reverse Holofoil,,083/159,Common
623510,Pancham,Pancham,https://tcgplayer-cdn.tcgplayer.com/product/623510_200w.jpg,3,24073,https://cpt.tcgcsv.com/dq_6,2025-03-17T18:09:15.683,0,,0.25,0.25,0.27,0.25,,Normal,,083/159,Common
623511,Rockruff,Rockruff,https://tcgplayer-cdn.tcgplayer.com/product/623511_200w.jpg,3,24073,https://cpt.tcgcsv.com/fq_6,2025-03-17T18:09:16.03,0,,0.36,0.36,0.36,0.32,,Reverse Holofoil,,084/159,Common
623511,Rockruff,Rockruff,https://tcgplayer-cdn.tcgplayer.com/product/623511_200w.jpg,3,24073,https://cpt.tcgcsv.com/fq_6,2025-03-17T18:09:16.03,0,,0.25,0.25,0.25,0.18,,Normal,,084/159,Common
623512,Lycanroc - 085/159,Lycanroc 085 159,https://tcgplayer-cdn.tcgplayer.com/product/623512_200w.jpg,3,24073,https://cpt.tcgcsv.com/gq_6,2025-03-17T18:09:16.27,0,,2.0,2.0,2.27,2.11,,Holofoil,,085/159,Holo Rare
623512,Lycanroc - 085/159,Lycanroc 085 159,https://tcgplayer-cdn.tcgplayer.com/product/623512_200w.jpg,3,24073,https://cpt.tcgcsv.com/gq_6,2025-03-17T18:09:16.27,0,,2.99,3.0,3.0,,,Reverse Holofoil,,085/159,Holo Rare
623513,Hop's Silicobra,Hops Silicobra,https://tcgplayer-cdn.tcgplayer.com/product/623513_200w.jpg,3,24073,https://cpt.tcgcsv.com/hq_6,2025-03-17T18:09:16.473,0,,0.49,0.5,0.54,,,Reverse Holofoil,,086/159,Common
623513,Hop's Silicobra,Hops Silicobra,https://tcgplayer-cdn.tcgplayer.com/product/623513_200w.jpg,3,24073,https://cpt.tcgcsv.com/hq_6,2025-03-17T18:09:16.473,0,,0.25,0.25,0.27,0.25,,Normal,,086/159,Common
623514,Hop's Sandaconda,Hops Sandaconda,https://tcgplayer-cdn.tcgplayer.com/product/623514_200w.jpg,3,24073,https://cpt.tcgcsv.com/jq_6,2025-03-17T18:09:16.79,0,,0.15,0.2,0.5,0.15,,Normal,,087/159,Uncommon
623514,Hop's Sandaconda,Hops Sandaconda,https://tcgplayer-cdn.tcgplayer.com/product/623514_200w.jpg,3,24073,https://cpt.tcgcsv.com/jq_6,2025-03-17T18:09:16.79,0,,0.3,0.32,0.33,,,Reverse Holofoil,,087/159,Uncommon
623515,Toedscool,Toedscool,https://tcgplayer-cdn.tcgplayer.com/product/623515_200w.jpg,3,24073,https://cpt.tcgcsv.com/kq_6,2025-03-17T18:09:17.237,0,,0.3,0.3,0.33,,,Reverse Holofoil,,088/159,Common
623515,Toedscool,Toedscool,https://tcgplayer-cdn.tcgplayer.com/product/623515_200w.jpg,3,24073,https://cpt.tcgcsv.com/kq_6,2025-03-17T18:09:17.237,0,,0.1,0.1,0.25,,,Normal,,088/159,Common
623516,Toedscruel,Toedscruel,https://tcgplayer-cdn.tcgplayer.com/product/623516_200w.jpg,3,24073,https://cpt.tcgcsv.com/lq_6,2025-03-17T18:09:17.66,0,,1.0,1.08,1.16,1.11,,Reverse Holofoil,,089/159,Uncommon
623516,Toedscruel,Toedscruel,https://tcgplayer-cdn.tcgplayer.com/product/623516_200w.jpg,3,24073,https://cpt.tcgcsv.com/lq_6,2025-03-17T18:09:17.66,0,,0.5,0.5,0.55,0.5,,Normal,,089/159,Uncommon
623517,Klawf,Klawf,https://tcgplayer-cdn.tcgplayer.com/product/623517_200w.jpg,3,24073,https://cpt.tcgcsv.com/mq_6,2025-03-17T18:09:18.017,0,,0.15,0.15,0.25,,,Normal,,090/159,Uncommon
623517,Klawf,Klawf,https://tcgplayer-cdn.tcgplayer.com/product/623517_200w.jpg,3,24073,https://cpt.tcgcsv.com/mq_6,2025-03-17T18:09:18.017,0,,0.5,0.53,0.55,,,Reverse Holofoil,,090/159,Uncommon
623518,Koffing,Koffing,https://tcgplayer-cdn.tcgplayer.com/product/623518_200w.jpg,3,24073,https://cpt.tcgcsv.com/nq_6,2025-03-17T18:09:18.28,0,,0.1,0.1,0.25,,,Normal,,091/159,Common
623518,Koffing,Koffing,https://tcgplayer-cdn.tcgplayer.com/product/623518_200w.jpg,3,24073,https://cpt.tcgcsv.com/nq_6,2025-03-17T18:09:18.28,0,,0.2,0.2,0.25,,,Reverse Holofoil,,091/159,Common
623519,Weezing,Weezing,https://tcgplayer-cdn.tcgplayer.com/product/623519_200w.jpg,3,24073,https://cpt.tcgcsv.com/pq_6,2025-03-17T18:09:18.483,0,,0.15,0.25,0.5,0.25,,Normal,,092/159,Uncommon
623519,Weezing,Weezing,https://tcgplayer-cdn.tcgplayer.com/product/623519_200w.jpg,3,24073,https://cpt.tcgcsv.com/pq_6,2025-03-17T18:09:18.483,0,,0.3,0.3,0.33,,,Reverse Holofoil,,092/159,Uncommon
623520,Paldean Wooper,Paldean Wooper,https://tcgplayer-cdn.tcgplayer.com/product/623520_200w.jpg,3,24073,https://cpt.tcgcsv.com/qq_6,2025-03-17T18:09:18.743,0,,0.25,0.25,0.25,0.26,,Normal,,093/159,Common
623520,Paldean Wooper,Paldean Wooper,https://tcgplayer-cdn.tcgplayer.com/product/623520_200w.jpg,3,24073,https://cpt.tcgcsv.com/qq_6,2025-03-17T18:09:18.743,0,,0.2,0.2,0.2,0.23,,Reverse Holofoil,,093/159,Common
623521,Paldean Clodsire ex,Paldean Clodsire ex,https://tcgplayer-cdn.tcgplayer.com/product/623521_200w.jpg,3,24073,https://cpt.tcgcsv.com/rq_6,2025-03-17T18:09:19.007,0,,3.5,3.99,5.8,3.9,,Holofoil,,094/159,Double Rare
623522,Tyranitar,Tyranitar,https://tcgplayer-cdn.tcgplayer.com/product/623522_200w.jpg,3,24073,https://cpt.tcgcsv.com/sq_6,2025-03-17T18:09:19.183,0,,2.25,2.43,2.44,2.15,,Holofoil,,095/159,Holo Rare
623522,Tyranitar,Tyranitar,https://tcgplayer-cdn.tcgplayer.com/product/623522_200w.jpg,3,24073,https://cpt.tcgcsv.com/sq_6,2025-03-17T18:09:19.183,0,,3.0,3.0,3.0,0.87,,Reverse Holofoil,,095/159,Holo Rare
623523,N's Purrloin,Ns Purrloin,https://tcgplayer-cdn.tcgplayer.com/product/623523_200w.jpg,3,24073,https://cpt.tcgcsv.com/tq_6,2025-03-17T18:09:19.393,0,,0.2,0.27,0.5,,,Reverse Holofoil,,096/159,Common
623523,N's Purrloin,Ns Purrloin,https://tcgplayer-cdn.tcgplayer.com/product/623523_200w.jpg,3,24073,https://cpt.tcgcsv.com/tq_6,2025-03-17T18:09:19.393,0,,0.1,0.1,0.25,0.2,,Normal,,096/159,Common
623524,N's Zorua,Ns Zorua,https://tcgplayer-cdn.tcgplayer.com/product/623524_200w.jpg,3,24073,https://cpt.tcgcsv.com/vq_6,2025-03-17T18:09:19.753,0,,2.35,2.35,2.35,1.9,,Reverse Holofoil,,097/159,Common
623525,N's Zoroark ex - 098/159,Ns Zoroark ex 098 159,https://tcgplayer-cdn.tcgplayer.com/product/623525_200w.jpg,3,24073,https://cpt.tcgcsv.com/wq_6,2025-03-17T18:09:19.977,0,,17.97,19.21,23.0,12.38,,Holofoil,,098/159,Double Rare
623526,Pangoro,Pangoro,https://tcgplayer-cdn.tcgplayer.com/product/623526_200w.jpg,3,24073,https://cpt.tcgcsv.com/xq_6,2025-03-17T18:09:20.133,0,,0.2,0.2,0.5,,,Normal,,099/159,Uncommon
623526,Pangoro,Pangoro,https://tcgplayer-cdn.tcgplayer.com/product/623526_200w.jpg,3,24073,https://cpt.tcgcsv.com/xq_6,2025-03-17T18:09:20.133,0,,0.61,0.61,0.61,,,Reverse Holofoil,,099/159,Uncommon
623527,Lokix,Lokix,https://tcgplayer-cdn.tcgplayer.com/product/623527_200w.jpg,3,24073,https://cpt.tcgcsv.com/zq_6,2025-03-17T18:09:20.42,0,,0.1,0.1,0.25,,,Normal,,100/159,Uncommon
623527,Lokix,Lokix,https://tcgplayer-cdn.tcgplayer.com/product/623527_200w.jpg,3,24073,https://cpt.tcgcsv.com/zq_6,2025-03-17T18:09:20.42,0,,0.61,0.61,0.61,,,Reverse Holofoil,,100/159,Uncommon
623528,Bombirdier,Bombirdier,https://tcgplayer-cdn.tcgplayer.com/product/623528_200w.jpg,3,24073,https://cpt.tcgcsv.com/Bq_6,2025-03-17T18:09:20.65,0,,0.2,0.2,0.25,,,Reverse Holofoil,,101/159,Common
623528,Bombirdier,Bombirdier,https://tcgplayer-cdn.tcgplayer.com/product/623528_200w.jpg,3,24073,https://cpt.tcgcsv.com/Bq_6,2025-03-17T18:09:20.65,0,,0.1,0.18,0.25,,,Normal,,101/159,Common
623529,Escavalier,Escavalier,https://tcgplayer-cdn.tcgplayer.com/product/623529_200w.jpg,3,24073,https://cpt.tcgcsv.com/Cq_6,2025-03-17T18:09:20.993,0,,0.13,0.13,0.25,0.13,,Normal,,102/159,Uncommon
623529,Escavalier,Escavalier,https://tcgplayer-cdn.tcgplayer.com/product/623529_200w.jpg,3,24073,https://cpt.tcgcsv.com/Cq_6,2025-03-17T18:09:20.993,0,,0.75,0.75,0.83,,,Reverse Holofoil,,102/159,Uncommon
623530,N's Klink,Ns Klink,https://tcgplayer-cdn.tcgplayer.com/product/623530_200w.jpg,3,24073,https://cpt.tcgcsv.com/Dq_6,2025-03-17T18:09:21.233,0,,0.1,0.18,0.25,0.1,,Normal,,103/159,Common
623530,N's Klink,Ns Klink,https://tcgplayer-cdn.tcgplayer.com/product/623530_200w.jpg,3,24073,https://cpt.tcgcsv.com/Dq_6,2025-03-17T18:09:21.233,0,,0.33,0.42,0.5,0.2,,Reverse Holofoil,,103/159,Common
623531,N's Klang,Ns Klang,https://tcgplayer-cdn.tcgplayer.com/product/623531_200w.jpg,3,24073,https://cpt.tcgcsv.com/Fq_6,2025-03-17T18:09:21.47,0,,0.25,0.26,0.27,0.25,,Normal,,104/159,Common
623531,N's Klang,Ns Klang,https://tcgplayer-cdn.tcgplayer.com/product/623531_200w.jpg,3,24073,https://cpt.tcgcsv.com/Fq_6,2025-03-17T18:09:21.47,0,,0.3,0.3,0.33,0.3,,Reverse Holofoil,,104/159,Common
623532,N's Klinklang,Ns Klinklang,https://tcgplayer-cdn.tcgplayer.com/product/623532_200w.jpg,3,24073,https://cpt.tcgcsv.com/Gq_6,2025-03-17T18:09:21.743,0,,1.0,1.0,1.11,,,Reverse Holofoil,,105/159,Uncommon
623532,N's Klinklang,Ns Klinklang,https://tcgplayer-cdn.tcgplayer.com/product/623532_200w.jpg,3,24073,https://cpt.tcgcsv.com/Gq_6,2025-03-17T18:09:21.743,0,,0.5,0.5,0.55,0.5,,Normal,,105/159,Uncommon
623533,Galarian Stunfisk,Galarian Stunfisk,https://tcgplayer-cdn.tcgplayer.com/product/623533_200w.jpg,3,24073,https://cpt.tcgcsv.com/Hq_6,2025-03-17T18:09:22.027,0,,0.1,0.18,0.25,0.1,,Normal,,106/159,Common
623533,Galarian Stunfisk,Galarian Stunfisk,https://tcgplayer-cdn.tcgplayer.com/product/623533_200w.jpg,3,24073,https://cpt.tcgcsv.com/Hq_6,2025-03-17T18:09:22.027,0,,0.5,0.5,0.55,,,Reverse Holofoil,,106/159,Common
623534,Magearna,Magearna,https://tcgplayer-cdn.tcgplayer.com/product/623534_200w.jpg,3,24073,https://cpt.tcgcsv.com/Jq_6,2025-03-17T18:09:22.377,0,,1.0,1.0,1.11,,,Holofoil,,107/159,Holo Rare
623534,Magearna,Magearna,https://tcgplayer-cdn.tcgplayer.com/product/623534_200w.jpg,3,24073,https://cpt.tcgcsv.com/Jq_6,2025-03-17T18:09:22.377,0,,0.61,0.61,0.61,0.55,,Reverse Holofoil,,107/159,Holo Rare
623535,Hop's Corviknight,Hops Corviknight,https://tcgplayer-cdn.tcgplayer.com/product/623535_200w.jpg,3,24073,https://cpt.tcgcsv.com/Kq_6,2025-03-17T18:09:22.697,0,,0.5,0.53,0.55,,,Reverse Holofoil,,108/159,Uncommon
623535,Hop's Corviknight,Hops Corviknight,https://tcgplayer-cdn.tcgplayer.com/product/623535_200w.jpg,3,24073,https://cpt.tcgcsv.com/Kq_6,2025-03-17T18:09:22.697,0,,0.2,0.2,0.5,,,Normal,,108/159,Uncommon
623536,Cufant,Cufant,https://tcgplayer-cdn.tcgplayer.com/product/623536_200w.jpg,3,24073,https://cpt.tcgcsv.com/Lq_6,2025-03-17T18:09:23.163,0,,0.2,0.2,0.25,,,Normal,,109/159,Common
623536,Cufant,Cufant,https://tcgplayer-cdn.tcgplayer.com/product/623536_200w.jpg,3,24073,https://cpt.tcgcsv.com/Lq_6,2025-03-17T18:09:23.163,0,,0.5,0.55,1.0,,,Reverse Holofoil,,109/159,Common
623537,Copperajah,Copperajah,https://tcgplayer-cdn.tcgplayer.com/product/623537_200w.jpg,3,24073,https://cpt.tcgcsv.com/Mq_6,2025-03-17T18:09:23.45,0,,0.5,0.55,0.75,,,Reverse Holofoil,,110/159,Uncommon
623537,Copperajah,Copperajah,https://tcgplayer-cdn.tcgplayer.com/product/623537_200w.jpg,3,24073,https://cpt.tcgcsv.com/Mq_6,2025-03-17T18:09:23.45,0,,0.13,0.13,0.25,,,Normal,,110/159,Uncommon
623538,Hop's Zacian ex - 111/159,Hops Zacian ex 111 159,https://tcgplayer-cdn.tcgplayer.com/product/623538_200w.jpg,3,24073,https://cpt.tcgcsv.com/Nq_6,2025-03-17T18:09:23.683,0,,8.68,9.9,14.99,9.7,,Holofoil,,111/159,Double Rare
623539,Bagon,Bagon,https://tcgplayer-cdn.tcgplayer.com/product/623539_200w.jpg,3,24073,https://cpt.tcgcsv.com/Pq_6,2025-03-17T18:09:23.9,0,,0.3,0.3,0.33,,,Reverse Holofoil,,112/159,Common
623539,Bagon,Bagon,https://tcgplayer-cdn.tcgplayer.com/product/623539_200w.jpg,3,24073,https://cpt.tcgcsv.com/Pq_6,2025-03-17T18:09:23.9,0,,0.12,0.19,0.25,0.15,,Normal,,112/159,Common
623540,Shelgon,Shelgon,https://tcgplayer-cdn.tcgplayer.com/product/623540_200w.jpg,3,24073,https://cpt.tcgcsv.com/Qq_6,2025-03-17T18:09:24.367,0,,0.5,0.53,0.55,0.5,,Reverse Holofoil,,113/159,Common
623540,Shelgon,Shelgon,https://tcgplayer-cdn.tcgplayer.com/product/623540_200w.jpg,3,24073,https://cpt.tcgcsv.com/Qq_6,2025-03-17T18:09:24.367,0,,0.13,0.19,0.25,0.13,,Normal,,113/159,Common
623541,Salamence ex - 114/159,Salamence ex 114 159,https://tcgplayer-cdn.tcgplayer.com/product/623541_200w.jpg,3,24073,https://cpt.tcgcsv.com/Rq_6,2025-03-17T18:09:24.663,0,,4.58,5.9,6.99,6.56,,Holofoil,,114/159,Double Rare
623542,Druddigon,Druddigon,https://tcgplayer-cdn.tcgplayer.com/product/623542_200w.jpg,3,24073,https://cpt.tcgcsv.com/Sq_6,2025-03-17T18:09:24.857,0,,0.5,0.5,0.55,,,Reverse Holofoil,,115/159,Common
623542,Druddigon,Druddigon,https://tcgplayer-cdn.tcgplayer.com/product/623542_200w.jpg,3,24073,https://cpt.tcgcsv.com/Sq_6,2025-03-17T18:09:24.857,0,,0.25,0.25,0.27,,,Normal,,115/159,Common
623543,N's Reshiram - 116/159,Ns Reshiram 116 159,https://tcgplayer-cdn.tcgplayer.com/product/623543_200w.jpg,3,24073,https://cpt.tcgcsv.com/Tq_6,2025-03-17T18:09:25.387,0,,2.99,2.99,3.0,3.0,,Reverse Holofoil,,116/159,Holo Rare
623543,N's Reshiram - 116/159,Ns Reshiram 116 159,https://tcgplayer-cdn.tcgplayer.com/product/623543_200w.jpg,3,24073,https://cpt.tcgcsv.com/Tq_6,2025-03-17T18:09:25.387,0,,1.0,1.18,1.38,1.29,,Holofoil,,116/159,Holo Rare
623544,Hop's Snorlax,Hops Snorlax,https://tcgplayer-cdn.tcgplayer.com/product/623544_200w.jpg,3,24073,https://cpt.tcgcsv.com/Vq_6,2025-03-17T18:09:25.78,0,,4.89,4.89,5.0,5.0,,Reverse Holofoil,,117/159,Holo Rare
623544,Hop's Snorlax,Hops Snorlax,https://tcgplayer-cdn.tcgplayer.com/product/623544_200w.jpg,3,24073,https://cpt.tcgcsv.com/Vq_6,2025-03-17T18:09:25.78,0,,2.95,3.25,5.49,3.88,,Holofoil,,117/159,Holo Rare
623545,Sentret,Sentret,https://tcgplayer-cdn.tcgplayer.com/product/623545_200w.jpg,3,24073,https://cpt.tcgcsv.com/Wq_6,2025-03-17T18:09:26.093,0,,0.5,0.53,0.55,,,Reverse Holofoil,,118/159,Common
623545,Sentret,Sentret,https://tcgplayer-cdn.tcgplayer.com/product/623545_200w.jpg,3,24073,https://cpt.tcgcsv.com/Wq_6,2025-03-17T18:09:26.093,0,,0.1,0.18,0.25,0.1,,Normal,,118/159,Common
623546,Furret - 119/159,Furret 119 159,https://tcgplayer-cdn.tcgplayer.com/product/623546_200w.jpg,3,24073,https://cpt.tcgcsv.com/Xq_6,2025-03-17T18:09:26.35,0,,0.5,0.5,0.55,,,Reverse Holofoil,,119/159,Common
623546,Furret - 119/159,Furret 119 159,https://tcgplayer-cdn.tcgplayer.com/product/623546_200w.jpg,3,24073,https://cpt.tcgcsv.com/Xq_6,2025-03-17T18:09:26.35,0,,0.25,0.26,0.27,0.25,,Normal,,119/159,Common
623547,Dunsparce,Dunsparce,https://tcgplayer-cdn.tcgplayer.com/product/623547_200w.jpg,3,24073,https://cpt.tcgcsv.com/Zq_6,2025-03-17T18:09:26.76,0,,0.25,0.25,0.27,0.25,,Normal,,120/159,Common
623547,Dunsparce,Dunsparce,https://tcgplayer-cdn.tcgplayer.com/product/623547_200w.jpg,3,24073,https://cpt.tcgcsv.com/Zq_6,2025-03-17T18:09:26.76,0,,0.5,0.53,0.55,0.5,,Reverse Holofoil,,120/159,Common
623548,Dudunsparce ex - 121/159,Dudunsparce ex 121 159,https://tcgplayer-cdn.tcgplayer.com/product/623548_200w.jpg,3,24073,https://cpt.tcgcsv.com/-q_6,2025-03-17T18:09:27.003,0,,6.1,8.19,12.99,8.45,,Holofoil,,121/159,Double Rare
623549,Kecleon,Kecleon,https://tcgplayer-cdn.tcgplayer.com/product/623549_200w.jpg,3,24073,https://cpt.tcgcsv.com/_q_6,2025-03-17T18:09:27.267,0,,0.5,0.53,0.55,,,Reverse Holofoil,,122/159,Common
623549,Kecleon,Kecleon,https://tcgplayer-cdn.tcgplayer.com/product/623549_200w.jpg,3,24073,https://cpt.tcgcsv.com/_q_6,2025-03-17T18:09:27.267,0,,0.1,0.25,0.25,0.1,,Normal,,122/159,Common
623550,Tropius,Tropius,https://tcgplayer-cdn.tcgplayer.com/product/623550_200w.jpg,3,24073,https://cpt.tcgcsv.com/0r_6,2025-03-17T18:09:27.57,0,,0.2,0.23,0.5,,,Reverse Holofoil,,123/159,Common
623550,Tropius,Tropius,https://tcgplayer-cdn.tcgplayer.com/product/623550_200w.jpg,3,24073,https://cpt.tcgcsv.com/0r_6,2025-03-17T18:09:27.57,0,,0.1,0.1,0.25,0.1,,Normal,,123/159,Common
623551,Audino,Audino,https://tcgplayer-cdn.tcgplayer.com/product/623551_200w.jpg,3,24073,https://cpt.tcgcsv.com/2r_6,2025-03-17T18:09:28.11,0,,4.89,4.89,4.89,,,Reverse Holofoil,,124/159,Common
623551,Audino,Audino,https://tcgplayer-cdn.tcgplayer.com/product/623551_200w.jpg,3,24073,https://cpt.tcgcsv.com/2r_6,2025-03-17T18:09:28.11,0,,0.1,0.18,0.25,0.1,,Normal,,124/159,Common
623552,Minnccino,Minnccino,https://tcgplayer-cdn.tcgplayer.com/product/623552_200w.jpg,3,24073,https://cpt.tcgcsv.com/3r_6,2025-03-17T18:09:28.827,0,,0.1,0.1,0.25,,,Normal,,125/159,Common
623552,Minnccino,Minnccino,https://tcgplayer-cdn.tcgplayer.com/product/623552_200w.jpg,3,24073,https://cpt.tcgcsv.com/3r_6,2025-03-17T18:09:28.827,0,,0.2,0.2,0.25,,,Reverse Holofoil,,125/159,Common
623553,Cinccino,Cinccino,https://tcgplayer-cdn.tcgplayer.com/product/623553_200w.jpg,3,24073,https://cpt.tcgcsv.com/5r_6,2025-03-17T18:09:29.107,0,,0.5,0.5,0.58,0.55,,Normal,,126/159,Uncommon
623553,Cinccino,Cinccino,https://tcgplayer-cdn.tcgplayer.com/product/623553_200w.jpg,3,24073,https://cpt.tcgcsv.com/5r_6,2025-03-17T18:09:29.107,0,,1.0,1.08,1.16,1.11,,Reverse Holofoil,,126/159,Uncommon
623554,Noibat - 127/159,Noibat 127 159,https://tcgplayer-cdn.tcgplayer.com/product/623554_200w.jpg,3,24073,https://cpt.tcgcsv.com/6r_6,2025-03-17T18:09:29.387,0,,1.0,1.06,1.11,,,Reverse Holofoil,,127/159,Common
623554,Noibat - 127/159,Noibat 127 159,https://tcgplayer-cdn.tcgplayer.com/product/623554_200w.jpg,3,24073,https://cpt.tcgcsv.com/6r_6,2025-03-17T18:09:29.387,0,,0.13,0.13,0.25,0.13,,Normal,,127/159,Common
623555,Noivern,Noivern,https://tcgplayer-cdn.tcgplayer.com/product/623555_200w.jpg,3,24073,https://cpt.tcgcsv.com/7r_6,2025-03-17T18:09:29.65,0,,2.99,3.0,3.0,,,Reverse Holofoil,,128/159,Holo Rare
623555,Noivern,Noivern,https://tcgplayer-cdn.tcgplayer.com/product/623555_200w.jpg,3,24073,https://cpt.tcgcsv.com/7r_6,2025-03-17T18:09:29.65,0,,1.5,1.57,1.66,1.5,,Holofoil,,128/159,Holo Rare
623556,Komala,Komala,https://tcgplayer-cdn.tcgplayer.com/product/623556_200w.jpg,3,24073,https://cpt.tcgcsv.com/8r_6,2025-03-17T18:09:29.907,0,,0.1,0.1,0.25,0.25,,Normal,,129/159,Common
623556,Komala,Komala,https://tcgplayer-cdn.tcgplayer.com/product/623556_200w.jpg,3,24073,https://cpt.tcgcsv.com/8r_6,2025-03-17T18:09:29.907,0,,0.2,0.23,0.25,0.25,,Reverse Holofoil,,129/159,Common
623557,Drampa,Drampa,https://tcgplayer-cdn.tcgplayer.com/product/623557_200w.jpg,3,24073,https://cpt.tcgcsv.com/9r_6,2025-03-17T18:09:30.383,0,,0.2,0.2,0.25,,,Reverse Holofoil,,130/159,Common
623557,Drampa,Drampa,https://tcgplayer-cdn.tcgplayer.com/product/623557_200w.jpg,3,24073,https://cpt.tcgcsv.com/9r_6,2025-03-17T18:09:30.383,0,,0.1,0.18,0.25,,,Normal,,130/159,Common
623558,Skwovet,Skwovet,https://tcgplayer-cdn.tcgplayer.com/product/623558_200w.jpg,3,24073,https://cpt.tcgcsv.com/br_6,2025-03-17T18:09:30.737,0,,0.5,0.5,0.55,,,Reverse Holofoil,,131/159,Common
623558,Skwovet,Skwovet,https://tcgplayer-cdn.tcgplayer.com/product/623558_200w.jpg,3,24073,https://cpt.tcgcsv.com/br_6,2025-03-17T18:09:30.737,0,,0.1,0.1,0.25,,,Normal,,131/159,Common
623559,Greedent,Greedent,https://tcgplayer-cdn.tcgplayer.com/product/623559_200w.jpg,3,24073,https://cpt.tcgcsv.com/cr_6,2025-03-17T18:09:31.01,0,,0.2,0.2,0.5,,,Normal,,132/159,Uncommon
623559,Greedent,Greedent,https://tcgplayer-cdn.tcgplayer.com/product/623559_200w.jpg,3,24073,https://cpt.tcgcsv.com/cr_6,2025-03-17T18:09:31.01,0,,0.5,0.53,0.75,,,Reverse Holofoil,,132/159,Uncommon
623560,Hop's Rookidee,Hops Rookidee,https://tcgplayer-cdn.tcgplayer.com/product/623560_200w.jpg,3,24073,https://cpt.tcgcsv.com/dr_6,2025-03-17T18:09:31.25,0,,0.5,0.5,0.55,,,Reverse Holofoil,,133/159,Common
623560,Hop's Rookidee,Hops Rookidee,https://tcgplayer-cdn.tcgplayer.com/product/623560_200w.jpg,3,24073,https://cpt.tcgcsv.com/dr_6,2025-03-17T18:09:31.25,0,,0.1,0.1,0.25,,,Normal,,133/159,Common
623561,Hop's Corvisquire,Hops Corvisquire,https://tcgplayer-cdn.tcgplayer.com/product/623561_200w.jpg,3,24073,https://cpt.tcgcsv.com/fr_6,2025-03-17T18:09:31.52,0,,0.25,0.25,0.27,,,Normal,,134/159,Common
623561,Hop's Corvisquire,Hops Corvisquire,https://tcgplayer-cdn.tcgplayer.com/product/623561_200w.jpg,3,24073,https://cpt.tcgcsv.com/fr_6,2025-03-17T18:09:31.52,0,,0.25,0.25,0.27,,,Reverse Holofoil,,134/159,Common
623562,Hop's Wooloo - 135/159,Hops Wooloo 135 159,https://tcgplayer-cdn.tcgplayer.com/product/623562_200w.jpg,3,24073,https://cpt.tcgcsv.com/gr_6,2025-03-17T18:09:31.777,0,,1.87,1.87,1.87,1.15,,Reverse Holofoil,,135/159,Common
623563,Hop's Dubwool,Hops Dubwool,https://tcgplayer-cdn.tcgplayer.com/product/623563_200w.jpg,3,24073,https://cpt.tcgcsv.com/hr_6,2025-03-25T14:05:23.74,1,,1.0,1.0,1.14,1.07,,Holofoil,,136/159,Holo Rare
623563,Hop's Dubwool,Hops Dubwool,https://tcgplayer-cdn.tcgplayer.com/product/623563_200w.jpg,3,24073,https://cpt.tcgcsv.com/hr_6,2025-03-25T14:05:23.74,1,,1.5,1.83,2.0,,,Reverse Holofoil,,136/159,Holo Rare
623564,Cramorant,Cramorant,https://tcgplayer-cdn.tcgplayer.com/product/623564_200w.jpg,3,24073,https://cpt.tcgcsv.com/jr_6,2025-03-17T18:09:32.29,0,,0.25,0.25,0.25,0.2,,Normal,,137/159,Common
623564,Cramorant,Cramorant,https://tcgplayer-cdn.tcgplayer.com/product/623564_200w.jpg,3,24073,https://cpt.tcgcsv.com/jr_6,2025-03-17T18:09:32.29,0,,0.5,0.53,0.55,,,Reverse Holofoil,,137/159,Common
623565,Hop's Cramorant,Hops Cramorant,https://tcgplayer-cdn.tcgplayer.com/product/623565_200w.jpg,3,24073,https://cpt.tcgcsv.com/kr_6,2025-03-17T18:09:32.577,0,,0.3,0.4,0.5,0.42,,Normal,,138/159,Uncommon
623565,Hop's Cramorant,Hops Cramorant,https://tcgplayer-cdn.tcgplayer.com/product/623565_200w.jpg,3,24073,https://cpt.tcgcsv.com/kr_6,2025-03-17T18:09:32.577,0,,0.75,0.8,0.85,0.79,,Reverse Holofoil,,138/159,Uncommon
623566,Lechonk,Lechonk,https://tcgplayer-cdn.tcgplayer.com/product/623566_200w.jpg,3,24073,https://cpt.tcgcsv.com/lr_6,2025-03-17T18:09:33.017,0,,0.5,0.5,0.55,0.5,,Reverse Holofoil,,139/159,Common
623566,Lechonk,Lechonk,https://tcgplayer-cdn.tcgplayer.com/product/623566_200w.jpg,3,24073,https://cpt.tcgcsv.com/lr_6,2025-03-17T18:09:33.017,0,,0.25,0.25,0.27,0.25,,Normal,,139/159,Common
623567,Oinkologne,Oinkologne,https://tcgplayer-cdn.tcgplayer.com/product/623567_200w.jpg,3,24073,https://cpt.tcgcsv.com/mr_6,2025-03-17T18:09:33.313,0,,0.5,0.53,0.55,,,Reverse Holofoil,,140/159,Uncommon
623567,Oinkologne,Oinkologne,https://tcgplayer-cdn.tcgplayer.com/product/623567_200w.jpg,3,24073,https://cpt.tcgcsv.com/mr_6,2025-03-17T18:09:33.313,0,,0.15,0.15,0.5,0.15,,Normal,,140/159,Uncommon
623568,Squawkabilly,Squawkabilly,https://tcgplayer-cdn.tcgplayer.com/product/623568_200w.jpg,3,24073,https://cpt.tcgcsv.com/nr_6,2025-03-17T18:09:33.72,0,,0.25,0.25,0.27,,,Normal,,141/159,Common
623568,Squawkabilly,Squawkabilly,https://tcgplayer-cdn.tcgplayer.com/product/623568_200w.jpg,3,24073,https://cpt.tcgcsv.com/nr_6,2025-03-17T18:09:33.72,0,,0.5,0.5,0.55,,,Reverse Holofoil,,141/159,Common
623569,Billy & O'Nare,Billy and ONare,https://tcgplayer-cdn.tcgplayer.com/product/623569_200w.jpg,3,24073,https://cpt.tcgcsv.com/pr_6,2025-03-17T18:09:34.07,0,,1.0,1.0,1.11,1.0,,Normal,,142/159,Common
623569,Billy & O'Nare,Billy and ONare,https://tcgplayer-cdn.tcgplayer.com/product/623569_200w.jpg,3,24073,https://cpt.tcgcsv.com/pr_6,2025-03-17T18:09:34.07,0,,0.5,0.5,0.55,,,Reverse Holofoil,,142/159,Common
623570,Black Belt's Training - 143/159,Black Belts Training 143 159,https://tcgplayer-cdn.tcgplayer.com/product/623570_200w.jpg,3,24073,https://cpt.tcgcsv.com/qr_6,2025-03-17T18:09:34.68,0,,0.2,0.23,0.25,,,Normal,,143/159,Common
623570,Black Belt's Training - 143/159,Black Belts Training 143 159,https://tcgplayer-cdn.tcgplayer.com/product/623570_200w.jpg,3,24073,https://cpt.tcgcsv.com/qr_6,2025-03-17T18:09:34.68,0,,0.5,0.53,0.55,,,Reverse Holofoil,,143/159,Common
623571,Black Belt's Training - 144/159,Black Belts Training 144 159,https://tcgplayer-cdn.tcgplayer.com/product/623571_200w.jpg,3,24073,https://cpt.tcgcsv.com/rr_6,2025-03-17T18:09:35.06,0,,1.0,1.06,1.11,,,Reverse Holofoil,,144/159,Common
623571,Black Belt's Training - 144/159,Black Belts Training 144 159,https://tcgplayer-cdn.tcgplayer.com/product/623571_200w.jpg,3,24073,https://cpt.tcgcsv.com/rr_6,2025-03-17T18:09:35.06,0,,0.2,0.2,0.25,0.2,,Normal,,144/159,Common
623572,Black Belt's Training - 145/159,Black Belts Training 145 159,https://tcgplayer-cdn.tcgplayer.com/product/623572_200w.jpg,3,24073,https://cpt.tcgcsv.com/sr_6,2025-03-17T18:09:35.353,0,,0.61,0.61,0.61,,,Reverse Holofoil,,145/159,Common
623572,Black Belt's Training - 145/159,Black Belts Training 145 159,https://tcgplayer-cdn.tcgplayer.com/product/623572_200w.jpg,3,24073,https://cpt.tcgcsv.com/sr_6,2025-03-17T18:09:35.353,0,,0.5,0.55,1.0,,,Normal,,145/159,Common
623573,Brock's Scouting - 146/159,Brocks Scouting 146 159,https://tcgplayer-cdn.tcgplayer.com/product/623573_200w.jpg,3,24073,https://cpt.tcgcsv.com/tr_6,2025-03-17T18:09:35.633,0,,1.0,1.0,1.12,1.05,,Normal,,146/159,Uncommon
623573,Brock's Scouting - 146/159,Brocks Scouting 146 159,https://tcgplayer-cdn.tcgplayer.com/product/623573_200w.jpg,3,24073,https://cpt.tcgcsv.com/tr_6,2025-03-17T18:09:35.633,0,,2.0,2.11,2.22,,,Reverse Holofoil,,146/159,Uncommon
623574,Hop's Bag,Hops Bag,https://tcgplayer-cdn.tcgplayer.com/product/623574_200w.jpg,3,24073,https://cpt.tcgcsv.com/vr_6,2025-03-17T18:09:36.03,0,,0.55,0.61,0.61,0.57,,Reverse Holofoil,,147/159,Uncommon
623574,Hop's Bag,Hops Bag,https://tcgplayer-cdn.tcgplayer.com/product/623574_200w.jpg,3,24073,https://cpt.tcgcsv.com/vr_6,2025-03-17T18:09:36.03,0,,2.0,2.0,3.0,2.31,,Normal,,147/159,Uncommon
623575,Hop's Choice Band,Hops Choice Band,https://tcgplayer-cdn.tcgplayer.com/product/623575_200w.jpg,3,24073,https://cpt.tcgcsv.com/wr_6,2025-03-17T18:09:36.49,0,,1.0,1.17,1.17,1.25,,Normal,,148/159,Uncommon
623575,Hop's Choice Band,Hops Choice Band,https://tcgplayer-cdn.tcgplayer.com/product/623575_200w.jpg,3,24073,https://cpt.tcgcsv.com/wr_6,2025-03-17T18:09:36.49,0,,2.0,2.0,2.33,2.22,,Reverse Holofoil,,148/159,Uncommon
623576,Iris's Fighting Spirit - 149/159,Iriss Fighting Spirit 149 159,https://tcgplayer-cdn.tcgplayer.com/product/623576_200w.jpg,3,24073,https://cpt.tcgcsv.com/xr_6,2025-03-17T18:09:37.283,0,,0.5,0.75,1.0,0.75,,Normal,,149/159,Uncommon
623576,Iris's Fighting Spirit - 149/159,Iriss Fighting Spirit 149 159,https://tcgplayer-cdn.tcgplayer.com/product/623576_200w.jpg,3,24073,https://cpt.tcgcsv.com/xr_6,2025-03-17T18:09:37.283,0,,1.0,1.06,1.5,1.0,,Reverse Holofoil,,149/159,Uncommon
623577,Levincia,Levincia,https://tcgplayer-cdn.tcgplayer.com/product/623577_200w.jpg,3,24073,https://cpt.tcgcsv.com/zr_6,2025-03-17T18:09:37.633,0,,2.0,2.17,2.33,2.22,,Reverse Holofoil,,150/159,Uncommon
623577,Levincia,Levincia,https://tcgplayer-cdn.tcgplayer.com/product/623577_200w.jpg,3,24073,https://cpt.tcgcsv.com/zr_6,2025-03-17T18:09:37.633,0,,1.0,1.05,1.09,0.95,,Normal,,150/159,Uncommon
623578,Lillie's Pearl,Lillies Pearl,https://tcgplayer-cdn.tcgplayer.com/product/623578_200w.jpg,3,24073,https://cpt.tcgcsv.com/Br_6,2025-03-17T18:09:38.003,0,,0.75,0.75,2.0,0.78,,Normal,,151/159,Uncommon
623578,Lillie's Pearl,Lillies Pearl,https://tcgplayer-cdn.tcgplayer.com/product/623578_200w.jpg,3,24073,https://cpt.tcgcsv.com/Br_6,2025-03-17T18:09:38.003,0,,0.61,0.61,0.61,0.55,,Reverse Holofoil,,151/159,Uncommon
623579,N's Castle,Ns Castle,https://tcgplayer-cdn.tcgplayer.com/product/623579_200w.jpg,3,24073,https://cpt.tcgcsv.com/Cr_6,2025-03-17T18:09:38.77,0,,2.99,3.0,3.0,2.99,,Reverse Holofoil,,152/159,Uncommon
623579,N's Castle,Ns Castle,https://tcgplayer-cdn.tcgplayer.com/product/623579_200w.jpg,3,24073,https://cpt.tcgcsv.com/Cr_6,2025-03-17T18:09:38.77,0,,2.99,3.0,3.0,1.98,,Normal,,152/159,Uncommon
623580,N's PP Up,Ns PP Up,https://tcgplayer-cdn.tcgplayer.com/product/623580_200w.jpg,3,24073,https://cpt.tcgcsv.com/Dr_6,2025-03-17T18:09:39.407,0,,2.29,2.29,2.29,2.06,,Reverse Holofoil,,153/159,Uncommon
623580,N's PP Up,Ns PP Up,https://tcgplayer-cdn.tcgplayer.com/product/623580_200w.jpg,3,24073,https://cpt.tcgcsv.com/Dr_6,2025-03-17T18:09:39.407,0,,2.0,2.08,2.99,1.55,,Normal,,153/159,Uncommon
623581,Postwick,Postwick,https://tcgplayer-cdn.tcgplayer.com/product/623581_200w.jpg,3,24073,https://cpt.tcgcsv.com/Fr_6,2025-03-17T18:09:40.053,0,,1.5,1.68,2.0,1.69,,Normal,,154/159,Uncommon
623581,Postwick,Postwick,https://tcgplayer-cdn.tcgplayer.com/product/623581_200w.jpg,3,24073,https://cpt.tcgcsv.com/Fr_6,2025-03-17T18:09:40.053,0,,1.92,1.92,2.0,1.5,,Reverse Holofoil,,154/159,Uncommon
623582,Professor's Research,Professors Research,https://tcgplayer-cdn.tcgplayer.com/product/623582_200w.jpg,3,24073,https://cpt.tcgcsv.com/Gr_6,2025-03-17T18:09:40.69,0,,0.18,0.22,0.25,0.18,,Normal,,155/159,Common
623582,Professor's Research,Professors Research,https://tcgplayer-cdn.tcgplayer.com/product/623582_200w.jpg,3,24073,https://cpt.tcgcsv.com/Gr_6,2025-03-17T18:09:40.69,0,,0.5,0.5,0.5,0.55,,Reverse Holofoil,,155/159,Common
623583,Redeemable Ticket,Redeemable Ticket,https://tcgplayer-cdn.tcgplayer.com/product/623583_200w.jpg,3,24073,https://cpt.tcgcsv.com/Hr_6,2025-03-17T18:09:41.507,0,,1.0,1.06,1.11,1.0,,Reverse Holofoil,,156/159,Uncommon
623583,Redeemable Ticket,Redeemable Ticket,https://tcgplayer-cdn.tcgplayer.com/product/623583_200w.jpg,3,24073,https://cpt.tcgcsv.com/Hr_6,2025-03-17T18:09:41.507,0,,0.25,0.63,1.0,0.26,,Normal,,156/159,Uncommon
623584,Ruffian - 157/159,Ruffian 157 159,https://tcgplayer-cdn.tcgplayer.com/product/623584_200w.jpg,3,24073,https://cpt.tcgcsv.com/Jr_6,2025-03-17T18:09:41.98,0,,0.25,0.27,1.0,0.27,,Normal,,157/159,Uncommon
623584,Ruffian - 157/159,Ruffian 157 159,https://tcgplayer-cdn.tcgplayer.com/product/623584_200w.jpg,3,24073,https://cpt.tcgcsv.com/Jr_6,2025-03-17T18:09:41.98,0,,0.4,0.44,0.48,,,Reverse Holofoil,,157/159,Uncommon
623585,Super Potion,Super Potion,https://tcgplayer-cdn.tcgplayer.com/product/623585_200w.jpg,3,24073,https://cpt.tcgcsv.com/Kr_6,2025-03-17T18:09:42.49,0,,0.25,0.28,0.5,0.27,,Normal,,158/159,Uncommon
623585,Super Potion,Super Potion,https://tcgplayer-cdn.tcgplayer.com/product/623585_200w.jpg,3,24073,https://cpt.tcgcsv.com/Kr_6,2025-03-17T18:09:42.49,0,,0.5,0.55,0.75,,,Reverse Holofoil,,158/159,Uncommon
623586,Spike Energy - 159/159,Spike Energy 159 159,https://tcgplayer-cdn.tcgplayer.com/product/623586_200w.jpg,3,24073,https://cpt.tcgcsv.com/Lr_6,2025-03-17T18:09:43.033,0,,2.0,2.11,2.22,,,Reverse Holofoil,,159/159,Uncommon
623586,Spike Energy - 159/159,Spike Energy 159 159,https://tcgplayer-cdn.tcgplayer.com/product/623586_200w.jpg,3,24073,https://cpt.tcgcsv.com/Lr_6,2025-03-17T18:09:43.033,0,,1.0,1.0,1.15,1.08,,Normal,,159/159,Uncommon
623587,Maractus - 160/159,Maractus 160 159,https://tcgplayer-cdn.tcgplayer.com/product/623587_200w.jpg,3,24073,https://cpt.tcgcsv.com/Mr_6,2025-03-17T18:09:43.493,0,,12.0,13.83,18.43,13.86,,Holofoil,,160/159,Illustration Rare
623588,Articuno - 161/159,Articuno 161 159,https://tcgplayer-cdn.tcgplayer.com/product/623588_200w.jpg,3,24073,https://cpt.tcgcsv.com/Nr_6,2025-03-17T18:09:43.743,0,,49.97,64.99,95.0,63.48,,Holofoil,,161/159,Illustration Rare
623589,Wailord - 162/159,Wailord 162 159,https://tcgplayer-cdn.tcgplayer.com/product/623589_200w.jpg,3,24073,https://cpt.tcgcsv.com/Pr_6,2025-03-17T18:09:44.287,0,,38.72,43.76,60.69,44.37,,Holofoil,,162/159,Illustration Rare
623590,Iono's Kilowattrel - 163/159,Ionos Kilowattrel 163 159,https://tcgplayer-cdn.tcgplayer.com/product/623590_200w.jpg,3,24073,https://cpt.tcgcsv.com/Qr_6,2025-03-17T18:09:44.747,0,,32.65,34.23,40.0,34.57,,Holofoil,,163/159,Illustration Rare
623591,Lillie's Ribombee - 164/159,Lillies Ribombee 164 159,https://tcgplayer-cdn.tcgplayer.com/product/623591_200w.jpg,3,24073,https://cpt.tcgcsv.com/Rr_6,2025-03-17T18:09:45.097,0,,28.99,35.02,45.0,32.51,,Holofoil,,164/159,Illustration Rare
623592,Swinub - 165/159,Swinub 165 159,https://tcgplayer-cdn.tcgplayer.com/product/623592_200w.jpg,3,24073,https://cpt.tcgcsv.com/Sr_6,2025-03-17T18:09:45.493,0,,12.5,14.97,19.99,15.02,,Holofoil,,165/159,Illustration Rare
623593,Lycanroc - 166/159,Lycanroc 166 159,https://tcgplayer-cdn.tcgplayer.com/product/623593_200w.jpg,3,24073,https://cpt.tcgcsv.com/Tr_6,2025-03-17T18:09:45.93,0,,20.95,24.0,39.99,23.99,,Holofoil,,166/159,Illustration Rare
623594,N's Reshiram - 167/159 (Journey Together Stamped),Ns Reshiram 167 159 Journey Together Stamped,https://tcgplayer-cdn.tcgplayer.com/product/623594_200w.jpg,3,24073,https://cpt.tcgcsv.com/Vr_6,2025-03-25T14:09:27.073,1,,23.5,36.73,68.6,25.89,,Holofoil,,167/159,Illustration Rare
623595,Furret - 168/159,Furret 168 159,https://tcgplayer-cdn.tcgplayer.com/product/623595_200w.jpg,3,24073,https://cpt.tcgcsv.com/Wr_6,2025-03-17T18:09:46.793,0,,16.45,21.9,40.0,23.03,,Holofoil,,168/159,Illustration Rare
623596,Noibat - 169/159,Noibat 169 159,https://tcgplayer-cdn.tcgplayer.com/product/623596_200w.jpg,3,24073,https://cpt.tcgcsv.com/Xr_6,2025-03-17T18:09:47.3,0,,14.83,17.97,20.89,18.61,,Holofoil,,169/159,Illustration Rare
623597,Hop's Wooloo - 170/159,Hops Wooloo 170 159,https://tcgplayer-cdn.tcgplayer.com/product/623597_200w.jpg,3,24073,https://cpt.tcgcsv.com/Zr_6,2025-03-25T14:05:49.607,1,,16.0,17.46,19.99,17.69,,Holofoil,,170/159,Illustration Rare
623598,Volcanion ex - 171/159,Volcanion ex 171 159,https://tcgplayer-cdn.tcgplayer.com/product/623598_200w.jpg,3,24073,https://cpt.tcgcsv.com/-r_6,2025-03-17T18:09:48.12,0,,13.0,15.79,27.29,,,Holofoil,,171/159,Ultra Rare
623599,Iono's Bellibolt ex - 172/159,Ionos Bellibolt ex 172 159,https://tcgplayer-cdn.tcgplayer.com/product/623599_200w.jpg,3,24073,https://cpt.tcgcsv.com/_r_6,2025-03-17T18:09:48.53,0,,27.97,39.0,320.0,53.99,,Holofoil,,172/159,Ultra Rare
623600,Lillie's Clefairy ex - 173/159,Lillies Clefairy ex 173 159,https://tcgplayer-cdn.tcgplayer.com/product/623600_200w.jpg,3,24073,https://cpt.tcgcsv.com/0s_6,2025-03-17T18:09:48.923,0,,75.0,95.75,110.24,110.24,,Holofoil,,173/159,Ultra Rare
623601,Mamoswine ex - 174/159,Mamoswine ex 174 159,https://tcgplayer-cdn.tcgplayer.com/product/623601_200w.jpg,3,24073,https://cpt.tcgcsv.com/2s_6,2025-03-17T18:09:49.453,0,,9.0,10.0,27.49,,,Holofoil,,174/159,Ultra Rare
623602,N's Zoroark ex - 175/159,Ns Zoroark ex 175 159,https://tcgplayer-cdn.tcgplayer.com/product/623602_200w.jpg,3,24073,https://cpt.tcgcsv.com/3s_6,2025-03-17T18:09:49.827,0,,29.99,34.99,50.99,31.18,,Holofoil,,175/159,Ultra Rare
623603,Hop's Zacian ex - 176/159,Hops Zacian ex 176 159,https://tcgplayer-cdn.tcgplayer.com/product/623603_200w.jpg,3,24073,https://cpt.tcgcsv.com/5s_6,2025-03-17T18:09:50.333,0,,20.0,27.01,49.99,27.0,,Holofoil,,176/159,Ultra Rare
623604,Salamence ex - 177/159,Salamence ex 177 159,https://tcgplayer-cdn.tcgplayer.com/product/623604_200w.jpg,3,24073,https://cpt.tcgcsv.com/6s_6,2025-03-17T18:09:51.153,0,,17.78,21.0,27.98,25.0,,Holofoil,,177/159,Ultra Rare
623605,Dudunsparce ex - 178/159,Dudunsparce ex 178 159,https://tcgplayer-cdn.tcgplayer.com/product/623605_200w.jpg,3,24073,https://cpt.tcgcsv.com/7s_6,2025-03-17T18:09:51.647,0,,10.84,12.61,16.19,12.16,,Holofoil,,178/159,Ultra Rare
623606,Brock's Scouting - 179/159,Brocks Scouting 179 159,https://tcgplayer-cdn.tcgplayer.com/product/623606_200w.jpg,3,24073,https://cpt.tcgcsv.com/8s_6,2025-03-17T18:09:52.067,0,,14.5,20.99,29.99,19.0,,Holofoil,,179/159,Ultra Rare
623607,Iris's Fighting Spirit - 180/159,Iriss Fighting Spirit 180 159,https://tcgplayer-cdn.tcgplayer.com/product/623607_200w.jpg,3,24073,https://cpt.tcgcsv.com/9s_6,2025-03-17T18:09:52.757,0,,36.0,40.0,50.75,42.8,,Holofoil,,180/159,Ultra Rare
623608,Ruffian - 181/159,Ruffian 181 159,https://tcgplayer-cdn.tcgplayer.com/product/623608_200w.jpg,3,24073,https://cpt.tcgcsv.com/bs_6,2025-03-17T18:09:53.237,0,,3.0,3.73,5.99,3.58,,Holofoil,,181/159,Ultra Rare
623609,Volcanion ex - 182/159,Volcanion ex 182 159,https://tcgplayer-cdn.tcgplayer.com/product/623609_200w.jpg,3,24073,https://cpt.tcgcsv.com/cs_6,2025-03-17T18:09:53.487,0,,68.0,68.61,74.99,68.61,,Holofoil,,182/159,Special Illustration Rare
623610,Iono's Bellibolt ex - 183/159,Ionos Bellibolt ex 183 159,https://tcgplayer-cdn.tcgplayer.com/product/623610_200w.jpg,3,24073,https://cpt.tcgcsv.com/ds_6,2025-03-17T18:09:53.79,0,,135.0,169.29,180.0,136.62,,Holofoil,,183/159,Special Illustration Rare
623611,Lillie's Clefairy ex - 184/159,Lillies Clefairy ex 184 159,https://tcgplayer-cdn.tcgplayer.com/product/623611_200w.jpg,3,24073,https://cpt.tcgcsv.com/fs_6,2025-03-25T14:06:39.16,1,,300.0,324.22,329.36,328.63,,Holofoil,,184/159,Special Illustration Rare
623612,N's Zoroark ex - 185/159,Ns Zoroark ex 185 159,https://tcgplayer-cdn.tcgplayer.com/product/623612_200w.jpg,3,24073,https://cpt.tcgcsv.com/gs_6,2025-03-17T18:09:54.747,0,,214.1,215.32,219.99,219.62,,Holofoil,,185/159,Special Illustration Rare
623613,Hop's Zacian ex - 186/159,Hops Zacian ex 186 159,https://tcgplayer-cdn.tcgplayer.com/product/623613_200w.jpg,3,24073,https://cpt.tcgcsv.com/hs_6,2025-03-25T14:06:08.693,1,,175.0,175.05,179.99,178.79,,Holofoil,,186/159,Special Illustration Rare
623614,Salamence ex - 187/159,Salamence ex 187 159,https://tcgplayer-cdn.tcgplayer.com/product/623614_200w.jpg,3,24073,https://cpt.tcgcsv.com/js_6,2025-03-25T14:07:39.773,1,,200.0,234.01,240.0,238.03,,Holofoil,,187/159,Special Illustration Rare
623615,Iono's Bellibolt ex - 188/159,Ionos Bellibolt ex 188 159,https://tcgplayer-cdn.tcgplayer.com/product/623615_200w.jpg,3,24073,https://cpt.tcgcsv.com/ks_6,2025-03-17T18:09:55.96,0,,56.0,58.53,70.0,60.0,,Holofoil,,188/159,Hyper Rare
623616,N's Zoroark ex - 189/159,Ns Zoroark ex 189 159,https://tcgplayer-cdn.tcgplayer.com/product/623616_200w.jpg,3,24073,https://cpt.tcgcsv.com/ls_6,2025-03-17T18:09:56.543,0,,140.0,149.99,180.0,,,Holofoil,,189/159,Hyper Rare
623617,Spike Energy - 190/159,Spike Energy 190 159,https://tcgplayer-cdn.tcgplayer.com/product/623617_200w.jpg,3,24073,https://cpt.tcgcsv.com/ms_6,2025-03-17T18:09:56.977,0,,39.6,40.4,73.67,,,Holofoil,,190/159,Hyper Rare
623628,Journey Together Enhanced Booster Box,Journey Together Enhanced Booster Box,https://tcgplayer-cdn.tcgplayer.com/product/623628_200w.jpg,3,24073,https://cpt.tcgcsv.com/Bs_6,2025-03-17T19:27:09.627,1,"Trainer’s Pokémon Break into Battle!
<br>With deep trust and steady guidance, Trainers help bring out the best in their Pokémon. The bond they share empowers them to act as one in battle as they push their strength to the limit, including as Pokémon ex! Team up with N’s Zoroark ex, Iono’s Bellibolt ex, Lillie’s Clefairy ex, Hop’s Zacian ex, and more Trainer's Pokémon, and discover the unstoppable power of friendship in the Pokémon TCG: Scarlet & Violet—Journey Together expansion!


<br><br>Each Journey Together booster box contains 36 Scarlet & Violet booster packs.
<br>1 stamped illustration rare-style promo card featuring N’s Reshiram.",264.99,273.8,395.95,273.04,,Normal,,,
624677,N's Reshiram - 167/159,Ns Reshiram 167 159,https://tcgplayer-cdn.tcgplayer.com/product/624677_200w.jpg,3,24073,https://cpt.tcgcsv.com/zT_6,2025-03-25T14:09:48.91,0,,45.0,50.93,54.99,47.46,,Holofoil,,167/159,Illustration Rare
624925,Journey Together Sleeved Booster Case,Journey Together Sleeved Booster Case,https://tcgplayer-cdn.tcgplayer.com/product/624925_200w.jpg,3,24073,https://cpt.tcgcsv.com/w-_6,2025-03-25T19:44:14.137,0,"Trainer’s Pokémon Break into Battle!
<br>With deep trust and steady guidance, Trainers help bring out the best in their Pokémon. The bond they share empowers them to act as one in battle as they push their strength to the limit, including as Pokémon ex! Team up with N’s Zoroark ex, Iono’s Bellibolt ex, Lillie’s Clefairy ex, Hop’s Zacian ex, and more Trainer's Pokémon, and discover the unstoppable power of friendship in the Pokémon TCG: Scarlet & Violet—Journey Together expansion!
<br><br>
<strong>Each case contains 144 Sleeved Booster packs</strong>
<br>
Each Journey Together Sleeved Booster Pack contains 10 random cards.",1199.99,1199.99,1199.99,,,Normal,0196214108264,,
